time_sec,theta_kalman,theta_dot_kalman,newPosition
0.346574,0.001656024678208942,0.01225657921713683,0
0.371492,0.0008108876864942965,0.012310091393730007,0
0.3965,0.00023504417721125138,0.012385865299175673,0
0.421507,0.00041145326320559707,0.012465034184635113,0
0.446514,0.0005814562123302243,0.012547809178438793,0
0.471514,-1.0978335355972134e-05,0.012653413356865394,0
0.496521,-0.0002952504246787962,0.012774165041974709,0
0.521529,6.42766253945719e-05,0.012893952876788321,0
0.546536,0.00015116043442922025,0.013019707941052318,0
0.571536,0.00018271344373284039,0.013152900978624475,0
0.596543,0.00016347073666576762,0.013294893405581796,0
0.621551,8.902542743960732e-05,0.013447163007993842,0
0.646558,0.0003415616756269717,0.013601584423003299,0
0.671565,0.00018034921816986765,0.013768658585168406,0
0.696569,0.0001640131693305329,0.01394484834700938,0
0.721576,-0.00010495557410031807,0.01413661730120651,0
0.746584,0.00011307421349939927,0.014331841587171747,0
0.771591,0.0006686994484930413,0.014522156123065606,0
0.796595,0.0010747299019685046,0.014711442644149222,0
0.821602,0.0018097582817784745,0.014891548490845497,0
0.846606,0.0018306766728047592,0.01508054312626005,0
0.871609,0.001142481008500604,0.015296376015330607,0
0.896613,0.00020226463649553245,0.01554552042617461,0
0.92162,9.751553384858887e-06,0.01580933360641485,0
0.946628,-0.0002652554916040058,0.01609005657436436,0
0.971635,-8.795492401530937e-05,0.016376493977267502,0
0.996643,0.00018414431428403566,0.01666644328735756,0
1.02165,0.000808853840096427,0.01695122177656838,0
1.046653,0.000723623991207956,0.01724886021832269,0
1.071661,0.0005022873458367767,0.017562969058217987,0
1.096668,0.0007017612652484593,0.017883166013192318,0
1.121668,0.0005636946605317016,0.018218140644623678,0
1.146675,0.0006496566411091187,0.018562471751403638,0
1.171683,0.0007827408083496067,0.018915192185922497,0
1.19669,0.0011905344688868471,0.019269617644560092,0
1.22169,0.001755834480038032,0.01962201185988354,0
1.246698,0.002986509796511887,0.01995586741280479,0
1.271705,0.004733762603269316,0.020258406539016265,0
1.296712,0.007345862756505842,0.020508074770845326,0
1.321715,0.006191180829826395,0.020799742000194195,0
1.346719,0.0056004302861359725,0.021119413123124972,0
1.371727,0.006044016161137223,0.02144128286646328,0
1.396734,0.009597035082576484,0.021687371074696937,0
1.421737,0.014589704851498282,0.02182163471958417,0
1.446741,0.02043675296678886,0.021822676178783793,0
1.471749,0.02792451255003977,0.02164924202778117,0
1.496756,0.04248309026103671,0.021123433821072454,0
1.521756,0.06582963099320048,0.020023954408031824,0
1.546763,0.10301779109019014,0.018002074711400497,0
1.571771,0.1592884833816473,0.014576704872230522,0
1.696037,0.24763766103215945,0.008939097200471785,41
1.721043,0.46011712858934717,-0.002035447088591602,54
1.746041,0.5236800820130554,-0.014609506441854658,58
1.771045,0.47364281322045765,-0.025934664125915607,58
1.796045,0.3472321687125841,-0.034097746419813446,58
1.821054,0.25689889045979286,-0.04001104424218427,58
1.846059,0.18856040027162146,-0.044231333512828264,58
1.871064,0.1326476776864795,-0.04707371614707795,58
1.896067,0.08395534305118012,-0.04872153874446407,58
1.92107,0.03630861341036358,-0.04920213380782921,58
1.946074,-0.008145470484473685,-0.04859608113023876,58
1.971081,-0.049582360259245215,-0.0469788619431019,58
1.996085,-0.0942701791395267,-0.04426771237684297,58
2.021092,-0.13675582405607223,-0.04051628989118655,58
2.0461,-0.16464328590084226,-0.036089279771030075,58
2.071107,-0.18886105842488082,-0.031076153908064452,58
2.096115,-0.21173182433996415,-0.025507612056896833,58
2.121121,-0.2282033194531506,-0.01954103706099411,58
2.146126,-0.23968977387278242,-0.013298000687627265,58
2.171133,-0.24154641801560706,-0.007016688101245172,58
2.196137,-0.23532865008405995,-0.0008961513027993528,58
2.221144,-0.22266186642063412,0.004905325059922305,58
2.246148,-0.2085133318629443,0.01035415163157738,58
2.271155,-0.19040265145322482,0.015354149002035022,58
2.296159,-0.16217072674769578,0.01965398950342831,58
2.321166,-0.1232521047398808,0.022987685051431256,58
2.34617,-0.07264224621117338,0.02506337858903837,58
2.371173,-0.04593172554773526,0.026483307858488403,58
2.396177,-0.026215668368378138,0.02742423950390467,58
2.421184,0.00337601998668631,0.02763845532904667,58
2.446188,0.035741576856864334,0.02705634455873917,58
2.471192,0.06880424427347279,0.025660011007940256,58
2.496195,0.10171335091349165,0.02345243301950807,58
2.521198,0.13413428547388667,0.020444489523401194,58
2.546206,0.16125344108046155,0.016767586871480236,58
2.57121,0.1854789849725325,0.01249215747839133,58
2.596214,0.20598340375898144,0.00770906237089608,58
2.621217,0.2214956907711686,0.002540799836296681,58
2.646229,0.23227213284203932,-0.002896819430744768,58
2.671232,0.23661958538877875,-0.008445582566489002,58
2.696236,0.23434559045202394,-0.013942507807875787,58
2.721239,0.22701323245929744,-0.019263882845843433,58
2.74624,0.21513101951783942,-0.024298670322992627,58
2.771241,0.197624357010189,-0.028908632065831774,58
2.796244,0.17468070734666596,-0.03295997487549701,58
2.821252,0.14477074886758312,-0.03628009908675875,58
2.84626,0.11261087467065772,-0.03881453182727296,58
2.871263,0.07828689767763838,-0.04051046117531365,58
2.896272,0.04183841817672847,-0.041315540799516576,58
2.921275,0.005730230616889015,-0.04123883599632443,58
2.946279,-0.031307932144293324,-0.04025691495567115,58
2.971287,-0.05881879178908002,-0.038608711591510594,58
2.996294,-0.08980463790997184,-0.03620580874225409,58
3.021302,-0.11825360526362422,-0.03311047457238585,58
3.046309,-0.1439765922490081,-0.029389294250785347,58
3.071309,-0.170423701872922,-0.02502170781169652,58
3.096316,-0.18985263169672748,-0.020181419229344993,58
3.121324,-0.20181460207502996,-0.015053117750018413,58
3.146331,-0.20754781808898648,-0.009790177077913381,58
3.171338,-0.2067700388927802,-0.004552982465038824,58
3.196345,-0.19774556927766174,0.00045442220329441896,58
3.221353,-0.18794092546721708,0.005215586001300121,58
3.246364,-0.18015591534696027,0.009784300751499858,58
3.271364,-0.17057384066138323,0.014118269466379701,58
3.296371,-0.15561799427270537,0.018085113948921677,58
3.321378,-0.13575877102251863,0.02156405151576149,58
3.346386,-0.11058303498099106,0.0244236031198303,58
3.371393,-0.08385502642482023,0.02662654625982641,58
3.396401,-0.047231913925154884,0.02792547098697805,58
3.421408,-0.012426085543028612,0.028366892339063872,58
3.446408,0.022795725768478645,0.027940629908928045,58
3.471415,0.05437632277256399,0.026737968971733746,58
3.496419,0.0864910700068294,0.02474471849466154,58
3.521426,0.11584563972129101,0.022029020261778512,58
3.546433,0.14260025780453292,0.01865453058690833,58
3.571437,0.16564357167638033,0.014712433153750981,58
3.596441,0.18423384103853593,0.010312203125363323,58
3.621444,0.1972286594648924,0.005591750714111915,58
3.646448,0.20698417292602309,0.0006295406979820173,58
3.671451,0.21077717107170488,-0.004427642532320253,58
3.696456,0.208949367889204,-0.009441666693757372,58
3.721459,0.2024918248453519,-0.014299291487126192,58
3.746463,0.18894653729798927,-0.018825373614782148,58
3.771466,0.1714304077045209,-0.02292293163018419,58
3.79647,0.15130164357875336,-0.02652886396222262,58
3.821478,0.12840976113691993,-0.02957597445596863,58
3.846481,0.10239801372324922,-0.03198774361189885,58
3.871489,0.07093307490401332,-0.033628581045949374,58
3.896493,0.038543386166227614,-0.0344762722002688,58
3.9215,0.007653613299425953,-0.034569066919218024,58
3.946506,-0.0253461622160644,-0.03385396991957554,58
3.971507,-0.059954365915412484,-0.0322900867500618,58
3.996514,-0.0976410480281277,-0.02979902336504832,58
4.021522,-0.1192050285954234,-0.02678459439980152,58
4.046529,-0.14331966053953088,-0.02318076043593971,58
4.071536,-0.1640148701393741,-0.019071221077030298,58
4.096543,-0.176562009019619,-0.014658253440835906,58
4.121547,-0.1852050832991002,-0.010037231433880578,58
4.146547,-0.19080951406654237,-0.00528163726050368,58
4.171554,-0.190122661867333,-0.0005466524790396499,58
4.196562,-0.18702363338420808,0.004110064660808127,58
4.221569,-0.18001270256231033,0.008593097284012668,58
4.246577,-0.16785767713549254,0.012775936440691749,58
4.271584,-0.15110535090174265,0.016545631986638276,58
4.296584,-0.1313461286224817,0.019828961749341567,58
4.321591,-0.11046776631820271,0.022599861841519436,58
4.346599,-0.08786720607694058,0.024816781106134472,58
4.371606,-0.06654293420609389,0.026513212148888604,58
4.396606,-0.039524658903000456,0.02754705735082892,58
4.421613,-0.00611289546210933,0.027758212333963014,58
4.446617,0.02461044064991104,0.027214408467205152,58
4.471624,0.05378192966221723,0.025954321621353305,58
4.496628,0.0801414254125011,0.024047859958574253,58
4.521635,0.10559653161375213,0.021516558161748106,58
4.546639,0.12830415212495833,0.018427898723554326,58
4.571646,0.14901233573183098,0.014830202808959553,58
4.59665,0.16487366132228695,0.010843065374084443,58
4.621657,0.17578565653254608,0.006588411728867122,58
4.646661,0.18287392985479298,0.0021596957305593245,58
4.671668,0.18454320339094993,-0.002309627109265716,58
4.696672,0.18113601468319357,-0.006694739722580972,58
4.721679,0.17306881024044923,-0.010881242941419261,58
4.746683,0.1604366862970807,-0.01475700313430603,58
4.77169,0.14471782420534404,-0.018246857633630764,58
4.796694,0.12482626887826637,-0.02124809451672502,58
4.821701,0.10216176393638705,-0.02369288812865361,58
4.846705,0.07738299774830137,-0.025529623092838988,58
4.871712,0.053315356664231095,-0.026777341177378636,58
4.896716,0.02833755223506256,-0.027413946050913088,58
4.921723,-0.0015851187164539829,-0.027315506363204914,58
4.946731,-0.028553782445370702,-0.026556235496995803,58
4.971738,-0.05577293741162909,-0.02512935506788163,58
4.996738,-0.08141390073129856,-0.023073645054260662,58
5.021745,-0.10269261535771196,-0.020497490262507898,58
5.046753,-0.12321674697478069,-0.017418235242206995,58
5.071755,-0.13399428446566547,-0.014079001784774212,58
5.096763,-0.14794407525545103,-0.010397915551822678,58
5.121771,-0.16062737312231112,-0.006404494004634581,58
5.146778,-0.1663040682301945,-0.002272386579265956,58
5.171787,-0.16796088621656116,0.001899943259411535,58
5.196791,-0.16500344390530836,0.0059991122931877805,58
5.221794,-0.15397031931292812,0.009824656984342955,58
5.246801,-0.14154369214605492,0.013343957668081968,58
5.271805,-0.12444005230359717,0.01644164041986107,58
5.296805,-0.10746965104293221,0.019123013815803475,58
5.321811,-0.08909275277744982,0.021354408088886903,58
5.346817,-0.06755387035814968,0.023057728980454356,58
5.371824,-0.04233842147850233,0.02414160970424449,58
5.396827,-0.01714834638449221,0.02460737351223776,58
5.421835,0.004532303597401421,0.024543555927764766,58
5.446842,0.032311044126358726,0.023796786089627722,58
5.471846,0.05651176112019472,0.02245655777114802,58
5.496846,0.07850049164517026,0.020577641884141705,58
5.52185,0.10045304083100118,0.018159760281414195,58
5.54685,0.11951166937395796,0.015274149125831402,58
5.571853,0.1349699012815807,0.012009512518359883,58
5.596857,0.14752522429161685,0.008436777285777741,58
5.62186,0.1561754877845988,0.004651873564023801,58
5.646864,0.16023546932070135,0.0007678265986408028,58
5.671868,0.1600191666569261,-0.0031102962114158694,58
5.696871,0.15585367168174036,-0.006885648126992272,58
5.721875,0.1482447516171971,-0.010474034456387254,58
5.746883,0.13661362326487664,-0.013776589367521824,58
5.771889,0.12223324163498211,-0.016726273526469937,58
5.79689,0.10456260118438702,-0.01924222145221234,58
5.821894,0.08444631288277074,-0.021264530361860157,58
5.846901,0.06249631148738237,-0.022748371883332646,58
5.871907,0.03943279777494703,-0.023666685956908434,58
5.896908,0.01779027952220484,-0.02405578269984817,58
5.921912,-0.007387515862824913,-0.023827017026545827,58
5.946916,-0.029960305810334053,-0.023045744616744246,58
5.971919,-0.05384407837572339,-0.021678508159066946,58
5.996923,-0.07420453948166057,-0.019813033472772107,58
6.02193,-0.0928729456114137,-0.017490686229324356,58
6.046934,-0.1093803495910925,-0.014764334472810933,58
6.071941,-0.12550170766797925,-0.011641961290425676,58
6.096942,-0.1340048756490657,-0.008313144578560472,58
6.121949,-0.1393928933186927,-0.004854107190416512,58
6.146953,-0.14336823190047882,-0.0012981826793319884,58
6.171959,-0.14367626998450866,0.002264666408329008,58
6.19696,-0.14050669327212054,0.005749251365252228,58
6.221967,-0.1340046375480869,0.00907398330099804,58
6.246975,-0.12284247699021271,0.012123790411545238,58
6.271981,-0.11092341328798935,0.014881569263096056,58
6.29699,-0.09567370294151417,0.01726531753565054,58
6.321993,-0.08001172061452891,0.019266176111594924,58
6.347001,-0.061486582585795584,0.02081341873133974,58
6.372004,-0.04387223988855922,0.02193092465193261,58
6.397008,-0.014785255491048442,0.022330932045707116,58
6.422016,0.0068733193995901345,0.02220047388770701,58
6.447025,0.030010217750303353,0.021502296703911957,58
6.47203,0.0528703741967327,0.020242917495647782,58
6.497035,0.07410555006461195,0.01846239860110037,58
6.522036,0.09303604659393859,0.016217563242222538,58
6.547041,0.10822760969853118,0.013601004004276884,58
6.572045,0.12037635202226141,0.010687575389939474,58
6.597045,0.12934710806926344,0.007555342818615723,58
6.622051,0.1348799952571975,0.004288767870089305,58
6.647057,0.13774453064050537,0.0009528784372996868,58
6.672058,0.13608312205714634,-0.0023406340733521103,58
6.697064,0.13153736498657978,-0.005521327774403562,58
6.722064,0.12421418342996059,-0.00852137795117211,58
6.747067,0.11417467239496087,-0.011274381856337418,58
6.77207,0.1008325399481859,-0.013699038818097337,58
6.797074,0.08603072220984856,-0.015760179400332988,58
6.822078,0.06893528179970347,-0.017401435805288648,58
6.847078,0.050033907982966384,-0.018578437244220466,58
6.872082,0.029721889351392056,-0.01925645856078117,58
6.897082,0.006237585352151666,-0.019356164406177635,58
6.922089,-0.01193848655501906,-0.01901108811368474,58
6.947096,-0.03238310328059925,-0.01816397118091296,58
6.972103,-0.05182876963306171,-0.016839395670853324,58
6.997107,-0.0668144670402992,-0.015148665709060684,58
7.022114,-0.08173986318497756,-0.013092228595430681,58
7.047122,-0.09984124403907715,-0.010588927180690974,58
7.072125,-0.10998240820320332,-0.00783733067561275,58
7.097126,-0.11594922043946196,-0.004940659451840829,58
7.122133,-0.11846625607281798,-0.0019838234247277486,58
7.147137,-0.1209277482357282,0.0010336501956737798,58
7.172144,-0.12022049012007924,0.0040339939996046625,58
7.197148,-0.11817125321027339,0.0069853621272968625,58
7.222155,-0.11581151817492319,0.0098818133266729,58
7.247159,-0.10272505317781822,0.01245546567812128,58
7.272166,-0.08888683377901554,0.014689044172530086,58
7.29717,-0.0731259933807461,0.016535618504837424,58
7.322173,-0.05663685796044318,0.01797804385450337,58
7.347177,-0.03919299183045906,0.01899322638560729,58
7.372183,-0.020155228391784227,0.019541730931885035,58
7.397188,-0.0018512679384166744,0.019642355027231093,58
7.422191,0.015599025205583903,0.019316626916800982,58
7.447192,0.034092430996828585,0.018538112622301855,58
7.472195,0.05216867240184496,0.01731680913996766,58
7.497199,0.06787588679990764,0.01571151119900977,58
7.522202,0.08235636381437107,0.01375204900516263,58
7.547206,0.0949101024192889,0.011485629694025057,58
7.57221,0.10458404385832143,0.008983230065225015,58
7.597214,0.11129637339703459,0.006317734877863815,58
7.622217,0.11472131425278509,0.0035701171166132584,58
7.647229,0.11534551008025654,0.0008090616683881086,58
7.672232,0.1140547552229098,-0.0019190275067138135,58
7.697236,0.10933671023295488,-0.004529699312370655,58
7.722239,0.10255885848350216,-0.00697281244854607,58
7.74724,0.0924282038354546,-0.00916560855940847,58
7.772241,0.07979571221688969,-0.011046567738077648,58
7.797245,0.06676494321623297,-0.012606864873198939,58
7.822249,0.051832940246171896,-0.013799681752501153,58
7.847252,0.03672989514548408,-0.014621471813929414,58
7.872252,0.02009623664686732,-0.015034268836245472,58
7.89726,0.00997035528279874,-0.015201965481040646,58
7.922263,-0.005784367808732184,-0.014983136057439572,58
7.947272,-0.021790289606145,-0.014371326071281134,58
7.972272,-0.03806212944060835,-0.0133594624743705,58
7.99728,-0.04949635808636807,-0.01206854253989146,58
8.022287,-0.05772149061896227,-0.010578439698930103,58
8.047294,-0.0684038861666404,-0.008826426404158899,58
8.072294,-0.08354569474327968,-0.006699267421567512,58
8.097301,-0.08969429560278061,-0.00442174331502794,58
8.122305,-0.09374379178191435,-0.0020451941155371217,58
8.147305,-0.09494514398723604,0.00036026889230365844,58
8.172308,-0.09316510804268288,0.00272120240952467,58
8.197316,-0.08894940196143199,0.004977856529607319,58
8.222316,-0.08165502865797136,0.007054247886364537,58
8.247323,-0.07276133804641602,0.008911475952279604,58
8.272331,-0.062214477746857545,0.010509147574681854,58
8.297338,-0.05171540243790801,0.011849474343143554,58
8.322338,-0.03734090015162009,0.012835859825680147,58
8.347346,-0.021379099359377617,0.013429016570338244,58
8.372349,-0.010365760744547453,0.013753743818649425,58
8.397349,0.003041237606785537,0.013750060640527764,58
8.422358,0.01835611388952658,0.013369992985379723,58
8.447364,0.03231546846247387,0.012647383831952685,58
8.472367,0.044924806197132613,0.011615721182198564,58
8.497371,0.05754770282819539,0.01027401187135845,58
8.522378,0.06846651038778845,0.008664255292310435,58
8.547382,0.07654685182692013,0.00685680417250098,58
8.57239,0.08351827436027831,0.004878398481790169,58
8.597393,0.08845412908851956,0.0027789697878497083,58
8.6224,0.09013604663407465,0.00063900784970089,58
8.647405,0.08960652549671981,-0.0014872358033875266,58
8.672412,0.08668234372127907,-0.0035408940325331872,58
8.697418,0.08181879731868778,-0.005474501781046012,58
8.722426,0.07567773352636079,-0.007257159594279541,58
8.74743,0.06726618795382447,-0.008832905466663266,58
8.772437,0.05709703457585206,-0.010158542292179412,58
8.797441,0.04692612441039749,-0.011234863994590075,58
8.822448,0.036139008414132284,-0.01204705715580584,58
8.847452,0.024537214625245232,-0.012575150986826697,58
8.872459,0.01337590818744695,-0.012830554983099762,58
8.897463,-0.0005276948855089496,-0.01274447825350843,58
8.922466,-0.01304829378828719,-0.012351640663814015,58
8.947474,-0.026085589091748483,-0.011638802028597132,58
8.972477,-0.03985363467980525,-0.010587137675543985,58
8.997477,-0.05374807739273124,-0.009192804587642447,58
9.022484,-0.06637159860788551,-0.0074868773134770805,58
9.047492,-0.07420674724524812,-0.005588676267416756,58
9.072492,-0.0743535602576677,-0.0036903170347602626,58
9.0975,-0.07536469236136159,-0.0017688669744345131,58
9.122507,-0.07561589967700695,0.00015778113159774232,58
9.147514,-0.07433802840219549,0.002052398168639488,58
9.172517,-0.07080500816561419,0.0038594784428818973,58
9.197518,-0.06654922473976442,0.005561991257298532,58
9.222525,-0.061558892610109946,0.007142543469817977,58
9.247533,-0.05350236024797234,0.008525037738153593,58
9.272535,-0.043781882578504565,0.009668509830197923,58
9.297543,-0.030828159843235135,0.010492385893366062,58
9.322551,-0.016217842532295218,0.01095553335190724,58
9.347558,-0.008116836003639875,0.011221915262125043,58
9.372558,0.0022373042705605244,0.011235047195151898,58
9.397565,0.013347726521698145,0.010975921483674822,58
9.422573,0.02386313510404063,0.01045933533872238,58
9.44758,0.0322671824401288,0.009738050273954964,58
9.472583,0.04065813877216474,0.00881193943772643,58
9.497588,0.0483594501805773,0.007697757768768673,58
9.522595,0.05453579492287748,0.006433144650438635,58
9.547602,0.06002379096100297,0.005034608420787137,58
9.572605,0.06412917147131181,0.003536029408073238,58
9.597609,0.06630341443044764,0.0019850167403849123,58
9.622613,0.06674020493660006,0.00042427637401318274,58
9.647617,0.0659773720725172,-0.0011170150703493226,58
9.672617,0.06396362121137787,-0.002608378922824575,58
9.697624,0.060865776143137956,-0.004023499569035069,58
9.722624,0.05596121965366419,-0.00531784368987083,58
9.747628,0.04968965067938415,-0.006457857407787947,58
9.772635,0.04221103142657399,-0.007413911367211458,58
9.797639,0.03323210744401878,-0.008148886313239727,58
9.822642,0.02313634827139656,-0.008635165186010447,58
9.847646,0.014791207400286274,-0.008917073004248818,58
9.872654,0.005752604686171201,-0.0089773515773499,58
9.89766,-0.004202370647534056,-0.008792997722716422,58
9.922668,-0.012123076334938691,-0.008415044605718788,58
9.947668,-0.020393455157294745,-0.007834461087659419,58
9.972675,-0.027676215959852465,-0.007075712798831808,58
9.997682,-0.03661823442371741,-0.006096599633233012,58
10.022689,-0.043452311026412574,-0.004949504707781827,58
10.047697,-0.0473813025271208,-0.0037067483237389065,58
10.072705,-0.049966081996749484,-0.002401343678460323,58
10.097705,-0.0511299574197724,-0.0010681927073256173,58
10.122708,-0.05112840442483721,0.00026424388058630954,58
10.147716,-0.048874811167170025,0.001540183133939492,58
10.172723,-0.045541354327113474,0.002733279617149545,58
10.197731,-0.04171150561727611,0.0038318063443901,58
10.222738,-0.03701558011116192,0.004814681175368991,58
10.247738,-0.030911282681009754,0.005647113372283949,58
10.272745,-0.024130797154404242,0.006312627129467355,58
10.297753,-0.01870530440050794,0.006845713165394816,58
10.322756,-0.011955757753125108,0.007213416470292194,58
10.347756,-0.0039285540229264115,0.007383844078185332,58
10.372763,0.004407602360693593,0.007349335425236666,58
10.397767,0.011181583001543163,0.007149148073380348,58
10.422774,0.017917005721099978,0.006784124960981328,58
10.447778,0.02435794565676798,0.006261439793664921,58
10.472787,0.030231681719852695,0.005595023904344725,58
10.497794,0.03451630153592826,0.004824412742035759,58
10.522801,0.038101250947505806,0.003966711636646934,58
10.547811,0.04169432940968983,0.0030211739338497703,58
10.572817,0.044264073281584757,0.0020129325901405357,58
10.59782,0.04527263436959033,0.0009806045854677259,58
10.622824,0.04515712128180616,-4.819899617779927e-05,58
10.647828,0.04427018473624563,-0.001054731899506292,58
10.672831,0.04263240371493824,-0.0020207512275683334,58
10.697835,0.03945639207771835,-0.0029081904165223008,58
10.722838,0.03596730088312801,-0.0037097384459049906,58
10.747842,0.032312232075558965,-0.004421728727312023,58
10.772846,0.027285054173711125,-0.005010111057169732,58
10.797849,0.021257618821869613,-0.005450106929670035,58
10.822853,0.015635259631512542,-0.005752179763131714,58
10.847861,0.010491746345192983,-0.005928560645851748,58
10.872868,0.004577723056590139,-0.005959987370295017,58
10.897871,-0.002689620680299057,-0.00581245188789183,58
10.922875,-0.008205023039151481,-0.005529911773596116,58
10.947883,-0.012876059811888708,-0.005133419145086767,58
10.97289,-0.01683635043087957,-0.004640594347022284,58
10.99789,-0.020207171006931517,-0.0040659474517378905,58
11.022897,-0.02314632991420578,-0.0034199688648468875,58
11.047901,-0.024263382395777734,-0.002748065266124356,58
11.072907,-0.025973977821383137,-0.0020348878074752455,58
11.097909,-0.026398836974740193,-0.0013123141818975961,58
11.122912,-0.025650165207271286,-0.000609394848260638,58
11.147916,-0.025598816526863955,9.184810040766336e-05,58
11.172923,-0.025800840053063608,0.000798228801149041,58
11.197931,-0.023492710257124728,0.001447078496382627,58
11.222934,-0.020847750956400197,0.002030338155005671,58
11.247937,-0.019681828262179707,0.00258556545337401,58
11.272941,-0.015916412940617318,0.0030477497221045383,58
11.297949,-0.010888335874231705,0.003385434771232841,58
11.322956,-0.005938712885361051,0.0036008067435401615,58
11.34796,-0.001470431286857565,0.0037061046597111173,58
11.372967,0.0032047118740572257,0.0036961937599943656,58
11.397971,0.006645737830903895,0.003602098446904325,58
11.422974,0.010139428343777221,0.0034224350326538316,58
11.447978,0.013395441932257501,0.0031630660836036934,58
11.472989,0.01624600032467908,0.002834022394859137,58
11.497994,0.018305115201084635,0.0024549960099060873,58
11.523,0.020173726859767545,0.0020305373168424887,58
11.548004,0.021443126720303386,0.001575444557437248,58
11.573012,0.021738033888887644,0.0011139326764598757,58
11.59802,0.02174157994700094,0.0006530358858147373,58
11.623032,0.02166327961856916,0.0001945207437454681,58
11.648034,0.02086198258217921,-0.00024372358888541737,58
11.673037,0.019776240508409523,-0.000654822087807181,58
11.698045,0.018616958069013343,-0.0010371855579730527,58
11.723045,0.01690862232590082,-0.001377250330314897,58
11.748054,0.014919464800550803,-0.001668170412508366,58
11.773058,0.012856979424181595,-0.0019082859735667836,58
11.798064,0.010897688380412107,-0.002100343540200224,58
11.823064,0.008639156003769098,-0.002236940405145849,58
11.848067,0.006829347056991246,-0.002329445639079543,58
11.873074,0.0051066280347442095,-0.0023801075166806156,58
11.898075,0.0033245468919271995,-0.0023874654651086583,58
11.923081,0.0015234224308967744,-0.0023510453106334248,58
11.948085,0.0005281396902430621,-0.002291086128457211,58
11.973092,-0.0004487323719934735,-0.0022080129295569883,58
11.9981,-0.00041664746686972135,-0.0021271424280188147,58
12.023107,-0.000556546059161019,-0.0020440991391491793,58
12.048111,-0.0010943710422944952,-0.001948825091804527,58
12.073118,-0.0009485020569480556,-0.0018584508668848731,58
12.098122,-0.0004868933083022054,-0.0017808582949500073,58
12.123129,-0.00040844005749759597,-0.0017063642505561784,58
12.148133,-0.00030227548620057976,-0.001635618410959939,58
12.173139,5.607753986519614e-05,-0.0015749170808028235,58
12.198144,0.0003353166933062552,-0.001522232642539362,58
12.223147,-6.283261752302932e-07,-0.001462063584404344,58
12.248152,0.0003541748511833901,-0.0014117400530994665,58
12.273159,0.0004921787898975606,-0.0013657790284702226,58
12.298162,4.561432492951041e-05,-0.0013094530529723259,58
12.323166,-0.00027874704638340903,-0.0012457991932019003,58
12.34817,4.255572846244575e-05,-0.0011910117983941486,58
12.373173,-0.00011219659162541094,-0.0011330862916518547,58
12.398177,-0.0005764422638073229,-0.0010642041439881248,58
12.423184,-0.001048473980748745,-0.0009841260341396907,58
12.448188,-0.0008266406952752808,-0.0009102478908958734,58
12.473195,-0.0006630904877465982,-0.0008410575359736141,58
12.498199,-0.00012627154829893694,-0.0007858967024085518,58
12.523202,-9.926376938545806e-05,-0.0007319118139985565,58
12.548206,0.00020915540940188407,-0.0006861445543571115,58
12.573213,0.00046986902939114515,-0.0006473664788731123,58
12.598214,0.00033958767597757884,-0.0006057218855375244,58
12.623225,0.00038404140413438265,-0.0005655779882221754,58
12.648229,0.0010055826817738658,-0.0005414197083129363,58
12.673233,-0.0002287727643942826,-0.0004865670669657765,58
12.698239,-0.0008204402857824244,-0.0004171451435661497,58
12.723241,-0.0006824631808136337,-0.00035145624757788613,58
12.748249,-0.0005747213802449868,-0.0002886986119341093,58
12.773252,-0.0014623287787653117,-0.00020380547912586967,58
12.798261,-0.0007358867661868332,-0.00013730686950719825,58
12.823263,-5.09250901965816e-05,-8.811775877165919e-05,58
12.848272,0.00013914456375812125,-4.376347329603479e-05,58
12.873272,0.0010591442449289553,-2.256934697570501e-05,58
12.898276,0.0003262733869548425,1.7037830461580708e-05,58
12.923283,-0.0018144249781687624,0.0001104815433756838,58
12.948291,-0.0030194715549057747,0.00023429482107543108,58
12.973298,-0.0025418849878626913,0.00034624777858244943,58
12.998298,-0.002466415030448462,0.0004565220233097092,58
13.023305,-0.0019881106795830686,0.0005550583967485834,58
13.048313,-0.001011606202370898,0.0006293924415002724,58
13.073315,-0.0003258503676099292,0.0006868817430212585,58
13.098323,0.00040606452271779085,0.000726402023055601,58
13.123331,0.0007342422003145148,0.0007581298439783613,58
13.148338,0.0013158365168191698,0.0007757133516198085,58
13.173346,0.0010839651571916346,0.000799617460373751,58
13.198349,0.0005835440583955172,0.0008366097031117591,58
13.223358,0.0003059493725466364,0.0008811107152178804,58
13.248364,0.0003897990622887368,0.0009240604663754966,58
13.273371,6.674467790659917e-05,0.0009757173147740865,58
13.298379,-0.0001364744424792756,0.0010331007786514351,58
13.323386,-0.0002568430021241151,0.0010941639408768211,58
13.348386,-0.0005185117987855181,0.0011624982629810893,58
13.373393,-0.000972461214330883,0.0012429816552524948,58
13.398401,-0.0005238282769052649,0.001312970451768286,58
13.423408,-0.0002665312208600572,0.0013773198543122142,58
13.448408,-0.00015004134620238095,0.0014396110046469035,58
13.473415,-0.0005479373068278401,0.0015128170126321174,58
13.498423,-0.0005445071852851081,0.0015868932094228836,58
13.52343,-0.0005417613762518179,0.0016619036339714241,58
13.54843,-0.0003385655262871408,0.0017328555895429593,58
13.573437,-9.318492126969286e-05,0.0017987332391585418,58
13.598445,4.649025392959211e-05,0.0018622360916073354,58
13.623452,-9.183934784400666e-05,0.0019303944526141343,58
13.648452,0.00044369015911232125,0.0019863078860678056,58
13.673459,0.0015705785851117169,0.0020151426008163504,58
13.698467,0.002916226986738332,0.0020114163214607576,58
13.723474,0.0021766302246863365,0.0020275581395161123,58
13.748474,0.002178113179683216,0.002044944536520065,58
13.773481,0.0029210037364470662,0.002044944536520065,58
