1742345079.499254,0.0,0.0,0.0,0
1742345079.5664692,0.0,0.0,0.0,0
1742345079.575072,0.0,0.0,0.0,0
1742345079.583788,0.0,0.0,0.0,0
1742345079.594168,0.0,0.0,0.0,0
1742345079.601772,0.0,0.0,0.0,0
1742345079.611082,0.0,0.0,0.0,0
1742345079.619154,0.0,0.0,0.0,0
1742345079.627316,0.0,0.0,0.0,0
1742345079.635007,0.0,0.0,0.0,0
1742345079.6446972,0.0,0.0,0.0,0
1742345079.652405,0.0,0.0,0.0,0
1742345079.660077,0.0,0.0,0.0,0
1742345079.667846,0.0,0.0,0.0,0
1742345079.675377,0.0,0.0,0.0,0
1742345079.683032,0.0,0.0,0.0,0
1742345079.6908422,0.0,0.0,0.0,0
1742345079.699454,0.0,0.0,0.0,0
1742345079.706799,0.0,0.0,0.0,0
1742345079.714397,0.0,0.0,0.0,0
1742345079.7223182,0.0,0.0,0.0,0
1742345079.729939,0.0,0.0,0.0,0
1742345079.7375538,0.0,0.0,0.0,0
1742345079.7455192,0.0,0.0,0.0,0
1742345079.7550669,0.0,0.0,0.0,0
1742345079.762752,0.0,0.0,0.0,0
1742345079.770517,0.0,0.0,0.0,0
1742345079.7782001,0.0,0.0,0.0,0
1742345079.785829,0.0,0.0,0.0,0
1742345079.7936032,0.0,0.0,0.0,0
1742345079.8013692,0.0,0.0,0.0,0
1742345079.809024,0.0,0.0,0.0,0
1742345079.816614,0.0,0.0,0.0,0
1742345079.8245409,0.0,0.0,0.0,0
1742345079.832257,0.0,0.0,0.0,0
1742345079.8398788,0.0,0.0,0.0,0
1742345079.8476841,0.0,0.0,0.0,0
1742345079.855336,0.0,0.0,0.0,0
1742345079.8629289,0.0,0.0,0.0,0
1742345079.8711839,0.0,0.0,0.0,0
1742345079.879172,0.0,0.0,0.0,0
1742345079.886917,0.0,0.0,0.0,0
1742345079.8947258,0.0,0.0,0.0,0
1742345079.902463,0.0,0.0,0.0,0
1742345079.91151,0.0,0.0,0.0,0
1742345079.919355,0.0,0.0,0.0,0
1742345079.9271512,0.0,0.0,0.0,0
1742345079.935192,0.0,0.0,0.0,0
1742345079.942862,0.0,0.0,0.0,0
1742345079.950791,0.0,0.0,0.0,0
1742345079.958409,0.0,0.0,0.0,0
1742345079.9667652,0.0,0.0,0.0,0
1742345079.97506,0.0,0.0,0.0,0
1742345079.982775,0.0,0.0,0.0,0
1742345079.990495,0.0,0.0,0.0,0
1742345079.998271,0.0,0.0,0.0,0
1742345080.005881,0.0,0.0,0.0,0
1742345080.013437,0.0,0.0,0.0,0
1742345080.021056,0.0,0.0,0.0,0
1742345080.0285408,0.0,0.0,0.0,0
1742345080.036045,0.0,0.0,0.0,0
1742345080.0437078,0.0,0.0,0.0,0
1742345080.051244,0.0,0.0,0.0,0
1742345080.058799,0.0,0.0,0.0,0
1742345080.066468,0.0,0.0,0.0,0
1742345080.074063,0.0,0.0,0.0,0
1742345080.081679,0.0,0.0,0.0,0
1742345080.089346,0.0,0.0,0.0,0
1742345080.097174,0.0,0.0,0.0,0
1742345080.104936,0.0,0.0,0.0,0
1742345080.112619,0.0,0.0,0.0,0
1742345080.120567,0.0,0.0,0.0,0
1742345080.12834,0.0,0.0,0.0,0
1742345080.135951,0.0,0.0,0.0,0
1742345080.14353,0.0,0.0,0.0,0
1742345080.15112,0.0,0.0,0.0,0
1742345080.1588328,0.0,0.0,0.0,0
1742345080.16642,0.0,0.0,0.0,0
1742345080.1739788,0.0,0.0,0.0,0
1742345080.181557,0.0,0.0,0.0,0
1742345080.189281,0.0,0.0,0.0,0
1742345080.1969972,0.0,0.0,0.0,0
1742345080.206958,0.0,0.0,0.0,0
1742345080.214656,0.0,0.0,0.0,0
1742345080.222451,0.0,0.0,0.0,0
1742345080.232206,0.0,0.0,0.0,0
1742345080.240024,0.0,0.0,0.0,0
1742345080.2500548,0.0,0.0,0.0,0
1742345080.257832,0.0,0.0,0.0,0
1742345080.268033,0.0,0.0,0.0,0
1742345080.2756832,0.0,0.0,0.0,0
1742345080.283301,0.0,0.0,0.0,0
1742345080.291091,0.0,0.0,0.0,0
1742345080.300856,0.0,0.0,0.0,0
1742345080.3087502,0.0,0.0,0.0,0
1742345080.3185248,0.0,0.0,0.0,0
1742345080.326626,0.0,0.0,0.0,0
1742345080.336287,0.0,0.0,0.0,0
1742345080.344838,0.0,0.0,0.0,0
1742345080.352808,0.0,0.0,0.0,0
1742345080.363754,0.0,0.0,0.0,0
1742345080.373081,0.0,0.0,0.0,0
1742345080.3811688,0.0,0.0,0.0,0
1742345080.3904252,0.0,0.0,0.0,0
1742345080.398613,0.0,0.0,0.0,0
1742345080.4081101,0.0,0.0,0.0,0
1742345080.416223,0.0,0.0,0.0,0
1742345080.425434,0.0,0.0,0.0,0
1742345080.433929,0.0,0.0,0.0,0
1742345080.443254,0.0,0.0,0.0,0
1742345080.452227,0.0,0.0,0.0,0
1742345080.461457,0.0,0.0,0.0,0
1742345080.4708512,0.0,0.0,0.0,0
1742345080.4800189,0.0,0.0,0.0,0
1742345080.488898,0.0,0.0,0.0,0
1742345080.4985442,0.0,0.0,0.0,0
1742345080.508078,0.0,0.0,0.0,0
1742345080.517487,0.0,0.0,0.0,0
1742345080.526933,0.0,0.0,0.0,0
1742345080.536392,0.0,0.0,0.0,0
1742345080.545701,0.0,0.0,0.0,0
1742345080.555027,0.0,0.0,0.0,0
1742345080.56444,0.0,0.0,0.0,0
1742345080.573451,0.0,0.0,0.0,0
1742345080.582678,0.0,0.0,0.0,0
1742345080.59157,0.0,0.0,0.0,0
1742345080.600411,0.0,0.0,0.0,0
1742345080.609331,0.0,0.0,0.0,0
1742345080.618264,0.0,0.0,0.0,0
1742345080.627197,0.0,0.0,0.0,0
1742345080.636182,0.0,0.0,0.0,0
1742345080.645138,0.0,0.0,0.0,0
1742345080.6541061,0.0,0.0,0.0,0
1742345080.66307,0.0,0.0,0.0,0
1742345080.672276,0.0,0.0,0.0,0
1742345080.681389,0.0,0.0,0.0,0
1742345080.690511,0.0,0.0,0.0,0
1742345080.6995351,0.0,0.0,0.0,0
1742345080.708572,0.0,0.0,0.0,0
1742345080.717547,0.0,0.0,0.0,0
1742345080.726576,0.0,0.0,0.0,0
1742345080.735548,0.0,0.0,0.0,0
1742345080.744502,0.0,0.0,0.0,0
1742345080.753433,0.0,0.0,0.0,0
1742345080.7624,0.0,0.0,0.0,0
1742345080.7713332,0.0,0.0,0.0,0
1742345080.780285,0.0,0.0,0.0,0
1742345080.789234,0.0,0.0,0.0,0
1742345080.798183,0.0,0.0,0.0,0
1742345080.807078,0.0,0.0,0.0,0
1742345080.816027,0.0,0.0,0.0,0
1742345080.824867,0.0,0.0,0.0,0
1742345080.8338401,0.0,0.0,0.0,0
1742345080.842744,0.0,0.0,0.0,0
1742345080.851747,0.0,0.0,0.0,0
1742345080.860681,0.0,0.0,0.0,0
1742345080.869168,0.0,0.0,0.0,0
1742345080.878444,0.0,0.0,0.0,0
1742345080.886793,0.0,0.0,0.0,0
1742345080.895704,0.0,0.0,0.0,0
1742345080.9046028,0.0,0.0,0.0,0
1742345080.913598,0.0,0.0,0.0,0
1742345080.922459,0.0,0.0,0.0,0
1742345080.931106,0.0,0.0,0.0,0
1742345080.939683,0.0,0.0,0.0,0
1742345080.948261,0.0,0.0,0.0,0
1742345080.956877,0.0,0.0,0.0,0
1742345080.979321,0.0,0.0,0.0,-0.0
1742345080.9875531,0.0,0.4500559336756652,-0.0003375419502567489,-1080.1342408215964
1742345080.9957619,0.002250279668378326,1.255048296954962,-0.002292485401924557,-1935.2820820505997
1742345081.004239,0.008525521153153135,2.3239404470518847,-0.008216746751037672,-2575.4340623867984
1742345081.012645,0.02014522338841256,3.5642160406074,-0.021261359424000717,-2997.156757670598
1742345081.02109,0.03796630359144956,4.877788972785947,-0.04510038859310464,-3187.2609736030267
1742345081.029508,0.06235524845537929,6.158390346097856,-0.08363947003797732,-3126.3557899325806
1742345081.037898,0.09314720018586857,7.290755937470516,-0.14070131708392847,-2792.7100875228584
1742345081.046279,0.12960097987322117,8.152143813941269,-0.21968544541607804,-2166.6742274056023
1742345081.054667,0.17036169894292752,8.61668024691437,-0.32320491342175944,-1235.7282971327943
1742345081.06301,0.21344510017749938,8.56264179392604,-0.4527091369827449,0.0
1742345081.0716429,0.25625830914712955,8.501856633319255,-0.6085842811918885,0.0
1742345081.080008,0.29876759231372585,8.4344523509727,-0.7908303460491901,0.0
1742345081.088397,0.34093985406858934,8.360572565094138,-0.9994473315546497,0.0
1742345081.0968,0.38274271689406003,8.280375891304113,-1.2344352377082675,0.0
1742345081.105212,0.4241445963505806,8.19403481515338,-1.4957940645100432,0.0
1742345081.113558,0.4651147704263475,8.101734486469935,-1.783523811959977,0.0
1742345081.121927,0.5056234428586972,8.003671450547245,-2.097624480058069,0.0
1742345081.130303,0.5456418001114334,7.900052331511766,-2.438096068804319,0.0
1742345081.138651,0.5851420617689922,7.791092483250968,-2.804938578198727,0.0
1742345081.147022,0.624097524185247,7.6770146230559195,-3.1981520082412933,0.0
1742345081.155672,0.6624825973005266,7.558047462654586,-3.6177363589320173,0.0
1742345081.1645582,0.7002728346137995,7.434424350608295,-4.0636916302709,0.0
1742345081.173323,0.737444956366841,7.306381939143595,-4.53601782225794,0.0
1742345081.1820831,0.773976866062559,7.174158887427158,-5.034714934893138,0.0
1742345081.19072,0.8098476604996948,7.037994612096582,-5.559782968176495,0.0
1742345081.1994188,0.8450376335601777,6.898128094569567,-6.111221922108009,0.0
1742345081.208121,0.8795282740330255,6.754796753302139,-6.689031796687682,0.0
1742345081.2167811,0.9133022577995362,6.6082353877861415,-7.293212591915513,0.0
1742345081.225442,0.9463434347384669,6.458675199697479,-7.923764307791501,0.0
1742345081.234167,0.9786368107369543,6.306342895257029,-8.580686944315648,0.0
1742345081.242869,1.0101685252132395,5.861822244928623,-9.263591311121028,1245.4091741610905
1742345081.251575,1.0394776364378826,5.218808381211983,-9.971012553887277,2196.7154768353307
1742345081.260385,1.0655716783439426,4.461751698244203,-10.700300087006994,2843.0338158626882
1742345081.2694468,1.0878804368351636,3.6618171822423906,-11.447993732159302,3189.7875182395314
1742345081.2786372,1.1061895227463756,2.8764165976533222,-12.210194773856239,3253.2807091397876
1742345081.287424,1.1205716057346422,2.15111906388743,-12.982918357741596,3055.1850033470114
1742345081.296215,1.1313272010540794,1.5227976884033874,-13.762420393252448,2617.4390855260494
1742345081.3054578,1.1389411894960964,1.0231679957308408,-14.545498427754717,1957.785254652895
1742345081.3145442,1.1440570294747505,0.6822232214593553,-15.329771546803634,1085.91662842684
1742345081.3236742,1.1474681455820472,0.5313543986939687,-16.113949244614354,-0.0
1742345081.332745,1.150124917575517,0.38071667050836466,-16.113949244614354,0
1742345081.340485,1.1520285009280589,0.23036137108472787,-16.113949244614354,0
1742345081.3495839,1.1531803077834826,0.08033870590403647,-16.113949244614354,0
1742345081.358627,1.1535820013130027,-0.06930200798832817,-16.113949244614354,0
1742345081.367672,1.1532354912730611,-0.2185121022073307,-16.113949244614354,0
1742345081.3778,1.1521429307620246,-0.3672433186880464,-16.113949244614354,0
1742345081.386834,1.1503067141685843,-0.515447573695245,-16.113949244614354,0
1742345081.395916,1.147729476300108,-0.6630767250741259,-16.113949244614354,0
1742345081.405309,1.1444140926747375,-0.8100823436163498,-16.113949244614354,0
1742345081.4145632,1.1403636809566557,-0.9564154894043949,-16.113949244614354,0
1742345081.423738,1.1355816035096338,-1.102026493991892,-16.113949244614354,0
1742345081.432908,1.1300714710396744,-1.246864749277527,-16.113949244614354,0
1742345081.442056,1.1238371472932869,-1.3908785039348026,-16.113949244614354,0
1742345081.451261,1.1168827547736129,-1.5340146682687774,-16.113949244614354,0
1742345081.460468,1.109212681432269,-1.6762186283831302,-16.113949244614354,0
1742345081.469677,1.1008315882903532,-1.8174340705556733,-16.113949244614354,0
1742345081.4787798,1.0917444179375748,-1.957602816736877,-16.113949244614354,0
1742345081.487884,1.0819564038538905,-2.096664672103036,-16.113949244614354,0
1742345081.49701,1.0714730804933752,-2.2345572856123397,-16.113949244614354,0
1742345081.5061991,1.0603002940653135,-2.3712160245271523,-16.113949244614354,0
1742345081.5152278,1.0484442139426777,-2.506573863878024,-16.113949244614354,0
1742345081.524399,1.0359113446232877,-2.6405612918530914,-16.113949244614354,0
1742345081.5335839,1.0227085381640222,-2.773106232099235,-16.113949244614354,0
1742345081.542866,1.008843007003526,-2.9041339839173217,-16.113949244614354,0
1742345081.5519621,0.9943223370839394,-3.0335671813216676,-16.113949244614354,0
1742345081.561131,0.979154501177331,-3.1613257719121783,-16.113949244614354,0
1742345081.5702882,0.9633478723177702,-3.2873270164751114,-16.113949244614354,0
1742345081.579435,0.9469112372353946,-3.4114855101837565,-16.113949244614354,0
1742345081.5884001,0.9298538096844758,-3.5337132262123623,-16.113949244614354,0
1742345081.597456,0.912185243553414,-3.6539195825042103,-16.113949244614354,0
1742345081.606403,0.893915645640893,-3.7720115323469234,-16.113949244614354,0
1742345081.615592,0.8750555879791584,-3.887893679304078,-16.113949244614354,0
1742345081.6245031,0.855616119582638,-4.001468416931377,-16.113949244614354,0
1742345081.633282,0.835608777497981,-4.112636093567728,-16.113949244614354,0
1742345081.642174,0.8150455970301423,-4.221295202336458,-16.113949244614354,0
1742345081.6513479,0.7939391210184601,-4.327342596319847,-16.113949244614354,0
1742345081.660461,0.7723024080368609,-4.430673728681792,-16.113949244614354,0
1742345081.669329,0.7501490393934519,-4.531182917309664,-16.113949244614354,0
1742345081.678445,0.7274931248069035,-4.628763633328632,-16.113949244614354,0
1742345081.68754,0.7043493066402604,-4.723308812611757,-16.113949244614354,0
1742345081.696244,0.6807327625772016,-4.8147111891690555,-16.113949244614354,0
1742345081.705515,0.6566592066313564,-4.902863649051253,-16.113949244614354,0
1742345081.714654,0.6321448883861001,-4.987659603151917,-16.113949244614354,0
1742345081.723862,0.6072065903703405,-5.068993377038649,-16.113949244614354,0
1742345081.732952,0.5818616234851473,-5.14676061569357,-16.113949244614354,0
1742345081.742125,0.5561278204066794,-5.220858700799571,-16.113949244614354,0
1742345081.751467,0.5300235269026815,-5.291187177975955,-16.113949244614354,0
1742345081.760106,0.5035675910128017,-5.357648191149509,-16.113949244614354,0
1742345081.76932,0.47677935005705413,-5.420146921049227,-16.113949244614354,0
1742345081.7785401,0.449678615451808,-5.478592024639324,-16.113949244614354,0
1742345081.7877219,0.42228565532861134,-5.532896072160073,-16.113949244614354,0
1742345081.796997,0.39462117496781096,-5.582975978333516,-16.113949244614354,0
1742345081.8061178,0.3667062950761434,-5.6287534242149375,-16.113949244614354,0
1742345081.815448,0.3385625279550687,-5.6701552661343975,-16.113949244614354,0
1742345081.824676,0.3102117516243967,-5.707113928178339,-16.113949244614354,0
1742345081.8338308,0.28167618198350497,-5.739567774711322,-16.113949244614354,0
1742345081.843034,0.2529783431099484,-5.767461459533561,-16.113949244614354,0
1742345081.8522592,0.22414103581228056,-5.790746248411664,-16.113949244614354,0
1742345081.861396,0.19518730457022224,-5.809380311907281,-16.113949244614354,0
1742345081.870513,0.16614040301068583,-5.82332898566008,-16.113949244614354,0
1742345081.87996,0.13702375808238543,-5.832564995555147,-16.113949244614354,0
1742345081.8890922,0.10786093310460969,-5.83706864551762,-16.113949244614354,0
1742345081.8980649,0.07867558987702158,-5.836827966024929,-16.113949244614354,0
1742345081.907158,0.04949145004689694,-5.831838821804784,-16.113949244614354,0
1742345081.9160042,0.02033225593787302,-5.822104977589455,-16.113949244614354,0
1742345081.924507,-0.008778268950074258,-5.807638121217922,-16.113949244614354,0
1742345081.933654,-0.03781645955616387,-5.78845784381056,-16.113949244614354,0
1742345081.9427829,-0.06675874877521668,-5.764591577179476,-16.113949244614354,0
1742345081.951806,-0.09558170666111405,-5.73607448907428,-16.113949244614354,0
1742345081.962032,-0.12426207910648546,-5.7029493372912565,-16.113949244614354,0
1742345081.971748,-0.15277682579294175,-5.665266284086602,-16.113949244614354,0
1742345081.980742,-0.18110315721337475,-5.623082672725402,-16.113949244614354,0
1742345081.9892359,-0.20921857057700177,-5.57646276836124,-16.113949244614354,0
1742345081.998184,-0.23710088441880797,-5.525477465771577,-16.113949244614354,0
1742345082.0071318,-0.2647282717476659,-5.470203966766587,-16.113949244614354,0
1742345082.0163,-0.2920792915814988,-5.4107254303403485,-16.113949244614354,0
1742345082.025422,-0.31913291873320054,-5.347130598840193,-16.113949244614354,0
1742345082.034604,-0.3458685717274015,-5.279513403590689,-16.113949244614354,0
1742345082.043359,-0.3722661387453549,-5.207972553522139,-16.113949244614354,0
1742345082.0515132,-0.3983060015129656,-5.132611110419553,-16.113949244614354,0
1742345082.0594618,-0.4239690570650633,-5.053536054427591,-16.113949244614354,0
1742345082.067463,-0.44923673733720126,-4.97085784342154,-16.113949244614354,0
1742345082.0753999,-0.47409102655430896,-4.884689969786551,-16.113949244614354,0
1742345082.0832472,-0.4985144764032417,-4.7951485180399,-16.113949244614354,0
1742345082.0911412,-0.5224902189934412,-4.702351726587865,-16.113949244614354,0
1742345082.0990899,-0.5460019776263805,-4.606419556733733,-16.113949244614354,0
1742345082.106336,-0.5690340754100491,-4.507473271850983,-16.113949244614354,0
1742345082.114282,-0.5915714417693041,-4.405635029410399,-16.113949244614354,0
1742345082.1222441,-0.6135996169163561,-4.301027488306419,-16.113949244614354,0
1742345082.1302779,-0.6351047543578882,-4.1937734336711205,-16.113949244614354,0
1742345082.138154,-0.6560736215262437,-4.083995421098444,-16.113949244614354,0
1742345082.146125,-0.676493598631736,-3.9718154419309206,-16.113949244614354,0
1742345082.154163,-0.6963526758413906,-3.8573546109904315,-16.113949244614354,0
1742345082.162271,-0.7156394488963428,-3.7407328778670976,-16.113949244614354,0
1742345082.170384,-0.7343431132856783,-3.622068762619719,-16.113949244614354,0
1742345082.1784608,-0.7524534570987769,-3.5014791164901697,-16.113949244614354,0
1742345082.1865962,-0.7699608526812277,-3.379078907995364,-16.113949244614354,0
1742345082.194742,-0.7868562472212045,-3.2549810345359163,-16.113949244614354,0
1742345082.203032,-0.8031311523938841,-3.1292961594520627,-16.113949244614354,0
1742345082.2112808,-0.8187776331911444,-3.0021325742659983,-16.113949244614354,0
1742345082.2195442,-0.8337882960624744,-2.8735960856763225,-16.113949244614354,0
1742345082.228034,-0.848156276490856,-2.7437899267151846,-16.113949244614354,0
1742345082.236523,-0.8618752261244319,-2.612814691342052,-16.113949244614354,0
1742345082.245124,-0.8749392995811421,-2.480768291629543,-16.113949244614354,0
1742345082.253682,-0.8873431410392899,-2.3477459365959756,-16.113949244614354,0
1742345082.262281,-0.8990818707222697,-2.2138401316553913,-16.113949244614354,0
1742345082.27089,-0.9101510713805467,-2.079140697587942,-16.113949244614354,0
1742345082.279478,-0.9205467748684865,-1.94373480788054,-16.113949244614354,0
1742345082.2880619,-0.9302654489078892,-1.8077070432483686,-16.113949244614354,0
1742345082.296708,-0.9393039841241311,-1.67113946212097,-16.113949244614354,0
1742345082.305558,-0.9476596814347359,-1.534111685860816,-16.113949244614354,0
1742345082.31443,-0.95533023986404,-1.3967009974761713,-16.113949244614354,0
1742345082.3238232,-0.9623137448514208,-1.258982452592365,-16.113949244614354,0
1742345082.333001,-0.9686086571143827,-1.1210290014549396,-16.113949244614354,0
1742345082.342241,-0.9742138021216574,-0.9829116207533402,-16.113949244614354,0
1742345082.35147,-0.9791283602254242,-0.8446994540735873,-16.113949244614354,0
1742345082.360626,-0.9833518574957921,-0.7064599598116847,-16.113949244614354,0
1742345082.369466,-0.9868841572948506,-0.5682590654052823,-16.113949244614354,0
1742345082.378601,-0.9897254526218769,-0.4301613267684381,-16.113949244614354,0
1742345082.387583,-0.9918762592557191,-0.2922300918423747,-16.113949244614354,0
1742345082.397248,-0.993337409714931,-0.15452766720317646,-16.113949244614354,0
1742345082.408469,-0.9941100480509469,-0.01711548669483509,-16.113949244614354,0
1742345082.417505,-0.9941956254844211,0.119945718917597,-16.113949244614354,0
1742345082.426784,-0.9935958968898331,0.25659575225511766,-16.113949244614354,0
1742345082.436137,-0.9923129181285575,0.3927747805494283,-16.113949244614354,0
1742345082.445266,-0.9903490442258104,0.5284231687212617,-16.113949244614354,0
1742345082.45447,-0.9877069283822041,0.6634813152293977,-16.113949244614354,0
1742345082.4636889,-0.9843895218060571,0.7978894915902596,-16.113949244614354,0
1742345082.472447,-0.9804000743481058,0.931587686452753,-16.113949244614354,0
1742345082.4816608,-0.975742135915842,1.0645154550994473,-16.113949244614354,0
1742345082.490667,-0.9704195586403448,1.1966117752330292,-16.113949244614354,0
1742345082.499574,-0.9644364997641797,1.3278149098957917,-16.113949244614354,0
1742345082.508338,-0.9577974252147007,1.458062278359319,-16.113949244614354,0
1742345082.5172899,-0.9505071138229041,1.587290335810974,-16.113949244614354,0
1742345082.526478,-0.9425706621438492,1.7154344626527034,-16.113949244614354,0
1742345082.5355039,-0.9339934898305857,1.8424288642154234,-16.113949244614354,0
1742345082.544697,-0.9247813455095086,1.9682064816781537,-16.113949244614354,0
1742345082.553785,-0.9149403131011179,2.092698914964412,-16.113949244614354,0
1742345082.562857,-0.9044768185262958,2.215836358368425,-16.113949244614354,0
1742345082.5720189,-0.8933976367344537,2.3375475496396954,-16.113949244614354,0
1742345082.581142,-0.8817098989862553,2.457759733225628,-16.113949244614354,0
1742345082.5903082,-0.8694211003201272,2.5763986383375044,-16.113949244614354,0
1742345082.599458,-0.8565391071284397,2.6933884724643655,-16.113949244614354,0
1742345082.608701,-0.8430721647661179,2.808651930911661,-16.113949244614354,0
1742345082.617632,-0.8290289051115596,2.9221102228861575,-16.113949244614354,0
1742345082.6271958,-0.8144183539971288,3.0336831145850702,-16.113949244614354,0
1742345082.636508,-0.7992499384242034,3.143288989675163,-16.113949244614354,0
1742345082.645267,-0.7835334934758277,3.250844927466333,-16.113949244614354,0
1742345082.654,-0.7672792688384961,3.3562667989937043,-16.113949244614354,0
1742345082.663181,-0.7504979348435276,3.459469381122394,-16.113949244614354,0
1742345082.6722748,-0.7332005879379155,3.56036648868001,-16.113949244614354,0
1742345082.681361,-0.7153987554945155,3.6588711245037895,-16.113949244614354,0
1742345082.6905391,-0.6971043998719966,3.754895647162573,-16.113949244614354,0
1742345082.6995368,-0.6783299216361837,3.848351955979176,-16.113949244614354,0
1742345082.708452,-0.6590881618562878,3.939151692837026,-16.113949244614354,0
1742345082.717422,-0.6393924033921027,4.027206460107284,-16.113949244614354,0
1742345082.726576,-0.6192563710915663,4.112428053880347,-16.113949244614354,0
1742345082.7357912,-0.5986942308221646,4.194728711530156,-16.113949244614354,0
1742345082.744846,-0.5777205872645138,4.274021372482904,-16.113949244614354,0
1742345082.75408,-0.5563504804020993,4.350219950905311,-16.113949244614354,0
1742345082.76319,-0.5345993806475727,4.42323961887394,-16.113949244614354,0
1742345082.772418,-0.512483182553203,4.492997098438047,-16.113949244614354,0
1742345082.78159,-0.4900181970610128,4.559410960846732,-16.113949244614354,0
1742345082.7907012,-0.46722114225677913,4.622401931079007,-16.113949244614354,0
1742345082.799892,-0.44410913260138407,4.681893195695286,-16.113949244614354,0
1742345082.809141,-0.42069966662290764,4.737810711923172,-16.113949244614354,0
1742345082.818296,-0.3970106130632918,4.790083515801619,-16.113949244614354,0
1742345082.827431,-0.37306019548428365,4.838644027137822,-16.113949244614354,0
1742345082.836639,-0.34886697534859457,4.883428348982526,-16.113949244614354,0
1742345082.84583,-0.32444983360368196,4.924376559303795,-16.113949244614354,0
1742345082.8549562,-0.29982795080716296,4.961432992538002,-16.113949244614354,0
1742345082.864141,-0.2750207858444729,4.994546508721213,-16.113949244614354,0
1742345082.87324,-0.2500480533008669,5.023670747954957,-16.113949244614354,0
1742345082.882387,-0.2249296995610921,5.0487643680380545,-16.113949244614354,0
1742345082.891597,-0.19968587772090182,5.069791263200591,-16.113949244614354,0
1742345082.900929,-0.17433692140489887,5.086720762006733,-16.113949244614354,0
1742345082.910444,-0.1489033175948652,5.099527802648987,-16.113949244614354,0
1742345082.919967,-0.12340567858162026,5.108193084036003,-16.113949244614354,0
1742345082.928718,-0.09786471316144024,5.1127031912773955,-16.113949244614354,0
1742345082.9374442,-0.07230119720505326,5.113050694389757,-16.113949244614354,0
1742345082.945825,-0.04673594373310448,5.109234219285347,-16.113949244614354,0
1742345082.954491,-0.021189772636677748,5.101258490355752,-16.113949244614354,0
1742345082.962935,0.004316519815101012,5.089134344223668,-16.113949244614354,0
1742345082.971621,0.02976219153621935,5.072878714503275,-16.113949244614354,0
1742345082.980195,0.05512658510873573,5.052514587679643,-16.113949244614354,0
1742345082.988798,0.08038915804713395,5.028070930486394,-16.113949244614354,0
1742345082.997369,0.10552951269956592,4.999582589424674,-16.113949244614354,0
1742345083.005993,0.1305274256466893,4.967090163321504,-16.113949244614354,0
1742345083.014612,0.1553628764632968,4.930639850068375,-16.113949244614354,0
1742345083.023287,0.18001607571363867,4.890283268908078,-16.113949244614354,0
1742345083.031935,0.20446749205817907,4.846077259846289,-16.113949244614354,0
1742345083.040601,0.2286978783574105,4.798083661951695,-16.113949244614354,0
1742345083.0492318,0.25268829666716897,4.746369072472253,-16.113949244614354,0
1742345083.0579998,0.27642014202953025,4.691004588833675,-16.113949244614354,0
1742345083.0666828,0.2998751649736986,4.632065535698296,-16.113949244614354,0
1742345083.075489,0.32303549265219006,4.569631179347102,-16.113949244614354,0
1742345083.084518,0.34588364854892556,4.503784431704723,-16.113949244614354,0
1742345083.093338,0.3684025707074492,4.434611546356747,-16.113949244614354,0
1742345083.102272,0.39057562843923294,4.36220180891131,-16.113949244614354,0
1742345083.1117802,0.4123866374837895,4.286647224033786,-16.113949244614354,0
1742345083.120835,0.43381987360395846,4.20804220143574,-16.113949244614354,0
1742345083.129607,0.45486008461113714,4.126483243029085,-16.113949244614354,0
1742345083.138389,0.4754925008262826,4.042068633365402,-16.113949244614354,0
1742345083.147329,0.4957028439931096,3.9548981353711006,-16.113949244614354,0
1742345083.1561081,0.5154773346699651,3.865072693263783,-16.113949244614354,0
1742345083.165069,0.5348026981362841,3.7726941443964086,-16.113949244614354,0
1742345083.17427,0.5536661688582661,3.677864941626198,-16.113949244614354,0
1742345083.183234,0.5720554935663972,3.580687887647246,-16.113949244614354,0
1742345083.1930492,0.5899589330046334,3.481265882562029,-16.113949244614354,0
1742345083.2010272,0.6073652624174436,3.379701685799813,-16.113949244614354,0
1742345083.209784,0.6242637708464427,3.276097693321719,-16.113949244614354,0
1742345083.218953,0.6406442593130512,3.170555730884943,-16.113949244614354,0
1742345083.228218,0.6564970379674759,3.0631768639743324,-16.113949244614354,0
1742345083.237493,0.6718129222873476,2.9540612248499083,-16.113949244614354,0
1742345083.2466078,0.6865832284115971,2.8433078570054313,-16.113949244614354,0
1742345083.255687,0.7007997676966243,2.7310145771870964,-16.113949244614354,0
1742345083.2647839,0.7144548405825598,2.6172778549838367,-16.113949244614354,0
1742345083.273226,0.727541229857479,2.502192709872413,-16.113949244614354,0
1742345083.2823,0.7400521934068411,2.385852625481995,-16.113949244614354,0
1742345083.2915509,0.7519814565342511,2.2683494807346896,-16.113949244614354,0
1742345083.304048,0.7633232039379245,2.149773497420651,-16.113949244614354,0
1742345083.31338,0.7740720714250278,2.030213203678997,-16.113949244614354,0
1742345083.322686,0.7842231374434228,1.9097554127786198,-16.113949244614354,0
1742345083.3323479,0.7937719145073159,1.7884852165258416,-16.113949244614354,0
1742345083.342282,0.8027143405899451,1.6664859925683158,-16.113949244614354,0
1742345083.364992,0.8110467705527866,1.5438394248161198,-16.113949244614354,0
1742345083.3735008,0.8187659676768673,1.4206255361610558,-16.113949244614354,0
1742345083.384775,0.8258690953576725,1.2969227326431398,-16.113949244614354,0
1742345083.3947031,0.8323537090208882,1.172807858188457,-16.113949244614354,0
1742345083.406995,0.8382177483118305,1.0483562590242883,-16.113949244614354,0
1742345083.419772,0.8434595296069519,0.9236418568649964,-16.113949244614354,0
1742345083.428919,0.8480777388912769,0.7987372299548802,-16.113949244614354,0
1742345083.437294,0.8520714250410513,0.6737137010514396,-16.113949244614354,0
1742345083.44861,0.8554399935463085,0.5486414314335515,-16.113949244614354,0
1742345083.457231,0.8581832007034763,0.4235895200233826,-16.113949244614354,0
1742345083.470309,0.8603011483035933,0.298626106717886,-16.113949244614354,0
1742345083.481102,0.8617942788371827,0.17381847903495412,-16.113949244614354,0
1742345083.490952,0.8626633712323575,0.04923318119029017,-16.113949244614354,0
1742345083.500391,0.862909537138309,-0.07506387526656541,-16.113949244614354,0
1742345083.508969,0.8625342177619761,-0.19900730011516488,-16.113949244614354,0
1742345083.517343,0.8615391812614003,-0.3225321132698771,-16.113949244614354,0
1742345083.525782,0.8599265206950509,-0.44557363455732374,-16.113949244614354,0
1742345083.534524,0.8576986525222643,-0.5680673752789989,-16.113949244614354,0
1742345083.5435,0.8548583156458693,-0.6899489323566208,-16.113949244614354,0
1742345083.5540621,0.8514085709840863,-0.8111538858413591,-16.113949244614354,0
1742345083.562451,0.8473528015548795,-0.9316177005511186,-16.113949244614354,0
1742345083.570847,0.8426947130521238,-1.051275632582423,-16.113949244614354,0
1742345083.5812511,0.8374383348892117,-1.1700626414249482,-16.113949244614354,0
1742345083.589963,0.831588021682087,-1.2879133083871819,-16.113949244614354,0
1742345083.5981498,0.8251484551401511,-1.4047617620207768,-16.113949244614354,0
1742345083.6074398,0.8181246463300472,-1.5205416112086048,-16.113949244614354,0
1742345083.615495,0.8105219382740042,-1.6351858865569897,-16.113949244614354,0
1742345083.623656,0.8023460088412192,-1.74862699070575,-16.113949244614354,0
1742345083.6315598,0.7936028738876905,-1.860796658140132,-16.113949244614354,0
1742345083.643171,0.7842988905969898,-1.9716259250561186,-16.113949244614354,0
1742345083.651291,0.7744407609717092,-2.0810451097945544,-16.113949244614354,0
1742345083.6590898,0.7640355354227365,-2.188983804319716,-16.113949244614354,0
1742345083.66758,0.753090616401138,-2.295370877174001,-16.113949244614354,0
1742345083.67567,0.741613762015268,-2.4001344882920375,-16.113949244614354,0
1742345083.683535,0.7296130895738078,-2.503202116004455,-16.113949244614354,0
1742345083.6912708,0.7170970789937855,-2.604500596503599,-16.113949244614354,0
1742345083.699035,0.7040745760112675,-2.7039561759804625,-16.113949244614354,0
1742345083.706787,0.6905547951313652,-2.801494575573984,-16.113949244614354,0
1742345083.714655,0.6765473222534952,-2.89704106920065,-16.113949244614354,0
1742345083.7223969,0.662062116907492,-2.9905205742540835,-16.113949244614354,0
1742345083.730519,0.6471095140362215,-3.081857755081287,-16.113949244614354,0
1742345083.7386398,0.631700225260815,-3.170977139054665,-16.113949244614354,0
1742345083.7472079,0.6158453395655417,-3.25780324496736,-16.113949244614354,0
1742345083.756337,0.5995563233407049,-3.3422607233843147,-16.113949244614354,0
1742345083.7654521,0.5828450197237833,-3.4242745084834456,-16.113949244614354,0
1742345083.773221,0.5657236471813661,-3.5037699808212444,-16.113949244614354,0
1742345083.780895,0.5482047972772599,-3.5806731403557923,-16.113949244614354,0
1742345083.78855,0.5303014315754809,-3.6549107889586723,-16.113949244614354,0
1742345083.796426,0.5120268776306875,-3.726410721546642,-16.113949244614354,0
1742345083.805519,0.4933948240229543,-3.795101924865403,-16.113949244614354,0
1742345083.814645,0.4744193143986273,-3.860914782862623,-16.113949244614354,0
1742345083.823658,0.45511474048431416,-3.923781287496867,-16.113949244614354,0
1742345083.832651,0.43549583404682984,-3.9836352537446404,-16.113949244614354,0
1742345083.84236,0.4155776577781066,-4.040412537490684,-16.113949244614354,0
1742345083.850128,0.39537559509065323,-4.094051254918422,-16.113949244614354,0
1742345083.857845,0.37490533881606114,-4.144492001959292,-16.113949244614354,0
1742345083.865506,0.3541828788062647,-4.191678072312928,-16.113949244614354,0
1742345083.875087,0.33322448844470004,-4.235555672515933,-16.113949244614354,0
1742345083.884439,0.31204671008212037,-4.276074132516385,-16.113949244614354,0
1742345083.8935208,0.29066633941953846,-4.3131861102050655,-16.113949244614354,0
1742345083.902549,0.2691004088685131,-4.346847788363576,-16.113949244614354,0
1742345083.911621,0.24736616992669522,-4.37701906251434,-16.113949244614354,0
1742345083.920644,0.2254810746141235,-4.403663718198489,-16.113949244614354,0
1742345083.929148,0.20346275602313108,-4.426749596264689,-16.113949244614354,0
1742345083.937933,0.18132900804180763,-4.446248744825085,-16.113949244614354,0
1742345083.947129,0.1590977643176822,-4.4621375566231,-16.113949244614354,0
1742345083.955133,0.13678707653456668,-4.474396890661324,-16.113949244614354,0
1742345083.962982,0.11441509208126005,-4.483012177055056,-16.113949244614354,0
1742345083.970706,0.09200003119598477,-4.48797350420716,-16.113949244614354,0
1742345083.979796,0.06956016367494897,-4.489275687541239,-16.113949244614354,0
1742345083.988875,0.04711378523724277,-4.486918319181212,-16.113949244614354,0
1742345083.9978619,0.02467919364133671,-4.480905798124229,-16.113949244614354,0
1742345084.006894,0.0022746646507155674,-4.471247340618698,-16.113949244614354,0
1742345084.016046,-0.02008157205237792,-4.457956970627828,-16.113949244614354,0
1742345084.025099,-0.04237135690551706,-4.44105349042939,-16.113949244614354,0
1742345084.03408,-0.06457662435766401,-4.420560431572203,-16.113949244614354,0
1742345084.042838,-0.08667942651552502,-4.396505986576963,-16.113949244614354,0
1742345084.050735,-0.10866195644840983,-4.368922921931283,-16.113949244614354,0
1742345084.058409,-0.13050657105806623,-4.337848473084199,-16.113949244614354,0
1742345084.067899,-0.15219581342348723,-4.303324222291933,-16.113949244614354,0
1742345084.077333,-0.1737124345349469,-4.26539596030268,-16.113949244614354,0
1742345084.087668,-0.1950394143364603,-4.224113532991921,-16.113949244614354,0
1742345084.09693,-0.2161599820014199,-4.179530674170033,-16.113949244614354,0
1742345084.106077,-0.23705763537227006,-4.1317048258794795,-16.113949244614354,0
1742345084.115674,-0.2577161595016675,-4.080696947578865,-16.113949244614354,0
1742345084.124953,-0.2781196442395618,-4.026571315674948,-16.113949244614354,0
1742345084.132826,-0.29825250081793653,-3.969395314910993,-16.113949244614354,0
1742345084.142019,-0.3180994773924915,-3.9092392231504802,-16.113949244614354,0
1742345084.1506822,-0.3376456735082439,-3.8461759911094355,-16.113949244614354,0
1742345084.1589801,-0.3568765534637911,-3.78028101858875,-16.113949244614354,0
1742345084.166997,-0.37577795855673485,-3.711631928740617,-16.113949244614354,0
1742345084.175015,-0.39433611820043796,-3.640308341871313,-16.113949244614354,0
1742345084.184202,-0.4125376599097945,-3.5663916502370907,-16.113949244614354,0
1742345084.1929998,-0.43036961816097996,-3.489964795232023,-16.113949244614354,0
1742345084.202803,-0.4478194421371401,-3.4111120482975505,-16.113949244614354,0
1742345084.210439,-0.46487500237862783,-3.329918796804578,-16.113949244614354,0
1742345084.2197928,-0.4815245963626507,-3.246471336071669,-16.113949244614354,0
1742345084.229486,-0.49775695304300904,-3.160856668588658,-16.113949244614354,0
1742345084.239174,-0.5135612363859523,-3.073162311415289,-16.113949244614354,0
1742345084.2487848,-0.5289270479430287,-2.9834761126207274,-16.113949244614354,0
1742345084.2584078,-0.5438444285061323,-2.8918860775233948,-16.113949244614354,0
1742345084.267788,-0.5583038588937493,-2.798480205382832,-16.113949244614354,0
1742345084.277062,-0.5722962599206635,-2.703346337087485,-16.113949244614354,0
1742345084.286284,-0.5858129916061009,-2.6065720142755424,-16.113949244614354,0
1742345084.2954729,-0.5988458516774786,-2.5082443502213154,-16.113949244614354,0
1742345084.304631,-0.6113870734285852,-2.408449912717996,-16.113949244614354,0
1742345084.313798,-0.6234293229921752,-2.3072746190898377,-16.113949244614354,0
1742345084.32288,-0.6349656960876244,-2.204803643373484,-16.113949244614354,0
1742345084.331985,-0.6459897143044918,-2.101121335619915,-16.113949244614354,0
1742345084.341115,-0.6564953209825913,-1.996311153185725,-16.113949244614354,0
1742345084.350312,-0.66647687674852,-1.8904556038054756,-16.113949244614354,0
1742345084.36205,-0.6759291547675473,-1.7836362001659483,-16.113949244614354,0
1742345084.371229,-0.6848473357683771,-1.6759334256383036,-16.113949244614354,0
1742345084.3804622,-0.6932270028965686,-1.5674267107655133,-16.113949244614354,0
1742345084.3897011,-0.7010641364503961,-1.4581944200498618,-16.113949244614354,0
1742345084.3990011,-0.7083551085506454,-1.348313848538716,-16.113949244614354,0
1742345084.4080808,-0.715096677793339,-1.2378612276659198,-16.113949244614354,0
1742345084.4168289,-0.7212859839316685,-1.126911739770856,-16.113949244614354,0
1742345084.425226,-0.7269205426305229,-1.0155395406871515,-16.113949244614354,0
1742345084.433931,-0.7319982403339587,-0.9038177897678595,-16.113949244614354,0
1742345084.4420328,-0.736517329282798,-0.7918186866934233,-16.113949244614354,0
1742345084.449919,-0.7404764227162651,-0.6796135143924602,-16.113949244614354,0
1742345084.458293,-0.7438744902882274,-0.5672726873930701,-16.113949244614354,0
1742345084.467365,-0.7467108537251927,-0.4548658049136185,-16.113949244614354,0
1742345084.4753861,-0.7489851827497609,-0.3424617079964713,-16.113949244614354,0
1742345084.4838002,-0.7506974912897433,-0.23012853998564153,-16.113949244614354,0
1742345084.492169,-0.7518481339896715,-0.11793380964947424,-16.113949244614354,0
1742345084.5010948,-0.752437803037919,-0.005944456252090544,-16.113949244614354,0
1742345084.509949,-0.7524675253191794,0.10577308411789109,-16.113949244614354,0
1742345084.518906,-0.7519386598985899,0.217152811646033,-16.113949244614354,0
1742345084.528318,-0.7508528958403597,0.3281290959941719,-16.113949244614354,0
1742345084.53761,-0.7492122503603889,0.43863661027155376,-16.113949244614354,0
1742345084.546991,-0.7470190673090311,0.5486102664286047,-16.113949244614354,0
1742345084.5561118,-0.7442760159768881,0.6579851527133069,-16.113949244614354,0
1742345084.565172,-0.7409860902133215,0.766696473814957,-16.113949244614354,0
1742345084.574323,-0.7371526078442467,0.8746794943033002,-16.113949244614354,0
1742345084.5834649,-0.7327792103727302,0.9818694859526339,-16.113949244614354,0
1742345084.592628,-0.7278698629429671,1.0882016795203666,-16.113949244614354,0
1742345084.60209,-0.7224288545453652,1.1936112215276307,-16.113949244614354,0
1742345084.61152,-0.716460798437727,1.298033136565761,-16.113949244614354,0
1742345084.6211321,-0.7099706327548982,1.401402295626634,-16.113949244614354,0
1742345084.629927,-0.702963621276765,1.5036533909268928,-16.113949244614354,0
1742345084.639012,-0.6954453543221306,1.6047209176658002,-16.113949244614354,0
1742345084.648062,-0.6874217497338017,1.704539163123752,-16.113949244614354,0
1742345084.6571982,-0.678899053918183,1.8030422034731801,-16.113949244614354,0
1742345084.666284,-0.669883842900817,1.9001639086355815,-16.113949244614354,0
1742345084.675488,-0.6603830233576391,1.9958379554776156,-16.113949244614354,0
1742345084.685695,-0.650403833580251,2.089997849595525,-16.113949244614354,0
1742345084.6947541,-0.6399538443322734,2.1825769558905286,-16.113949244614354,0
1742345084.703555,-0.6290409595528208,2.2735085380882687,-16.113949244614354,0
1742345084.712364,-0.6176734168623794,2.362725807302925,-16.113949244614354,0
1742345084.721737,-0.6058597878258648,2.4501619796912903,-16.113949244614354,0
1742345084.7311108,-0.5936089779274083,2.535750343184064,-16.113949244614354,0
1742345084.7399921,-0.5809302262114879,2.6194243332210734,-16.113949244614354,0
1742345084.7489018,-0.5678331045453826,2.7011176173542784,-16.113949244614354,0
1742345084.7563221,-0.5543275164586112,2.7807641885175998,-16.113949244614354,0
1742345084.76576,-0.5404236955160232,2.8582984666961746,-16.113949244614354,0
1742345084.775212,-0.5261322031825423,2.93365540866004,-16.113949244614354,0
1742345084.784349,-0.5114639261392421,3.006770625358968,-16.113949244614354,0
1742345084.7934878,-0.49643007301244724,3.0775805065067665,-16.113949244614354,0
1742345084.802443,-0.4810421704799134,3.146022351815459,-16.113949244614354,0
1742345084.811487,-0.4653120587208361,3.212034508273022,-16.113949244614354,0
1742345084.820384,-0.449251886179471,3.275556512793485,-16.113949244614354,0
1742345084.829504,-0.43287410361550355,3.3365292395059623,-16.113949244614354,0
1742345084.8396459,-0.41619145741797375,3.394895050890349,-16.113949244614354,0
1742345084.8488479,-0.399216982163522,3.450597951912761,-16.113949244614354,0
1742345084.8575811,-0.38196399240395823,3.5035837462641446,-16.113949244614354,0
1742345084.866346,-0.3644460736726375,3.5538001937615786,-16.113949244614354,0
1742345084.87505,-0.3466770727038296,3.6011971679344548,-16.113949244614354,0
1742345084.8837929,-0.3286710868641573,3.6457268127875953,-16.113949244614354,0
1742345084.89255,-0.3104424528002193,3.687343697711189,-16.113949244614354,0
1742345084.901259,-0.2920057343116634,3.7260049694937574,-16.113949244614354,0
1742345084.910322,-0.2733757094641946,3.761670500389715,-16.113949244614354,0
1742345084.919462,-0.254567356962246,3.794303031197893,-16.113949244614354,0
1742345084.9285069,-0.23559584180625656,3.823868308321946,-16.113949244614354,0
1742345084.937688,-0.21647650026464682,3.85033521380805,-16.113949244614354,0
1742345084.946802,-0.19722482419560658,3.8736758873897714,-16.113949244614354,0
1742345084.955803,-0.17785644475865772,3.893865839614351,-16.113949244614354,0
1742345084.9652,-0.15838711556058596,3.910884055178725,-16.113949244614354,0
1742345084.975771,-0.13883269528469233,3.924713085666936,-16.113949244614354,0
1742345084.9859252,-0.11920912985635765,3.9353391309527623,-16.113949244614354,0
1742345084.994635,-0.09953243420159383,3.942752108611687,-16.113949244614354,0
1742345085.0034182,-0.0798186736585354,3.9469457107739987,-16.113949244614354,0
1742345085.0120802,-0.0600839451046654,3.947917447944949,-16.113949244614354,0
1742345085.020832,-0.04034435786494066,3.9456686794174627,-16.113949244614354,0
1742345085.02956,-0.020616014467853345,3.940204630006847,-16.113949244614354,0
1742345085.038707,-0.0009149913178191083,3.9315343929440316,-16.113949244614354,0
1742345085.047659,0.01874268064690105,3.9196709188729164,-16.113949244614354,0
1742345085.056778,0.038341035241265635,3.904630991007099,-16.113949244614354,0
1742345085.065931,0.05786419019630113,3.8864351866103286,-16.113949244614354,0
1742345085.075029,0.07729636612935277,3.8651078250722057,-16.113949244614354,0
1742345085.084108,0.0966219052547138,3.8406769029546726,-16.113949244614354,0
1742345085.0931149,0.11582528976948717,3.8131740164845045,-16.113949244614354,0
1742345085.102232,0.1348911598519097,3.7826342720612147,-16.113949244614354,0
1742345085.111344,0.15380433121221576,3.749096185437463,-16.113949244614354,0
1742345085.120068,0.17254981213940307,3.7126015703092867,-16.113949244614354,0
1742345085.128881,0.1911128199909495,3.6731954171254406,-16.113949244614354,0
1742345085.13794,0.2094787970765767,3.630925762988156,-16.113949244614354,0
1742345085.147203,0.2276334258915175,3.585843553571151,-16.113949244614354,0
1742345085.157569,0.24556264365937325,3.5380024980243707,-16.113949244614354,0
1742345085.167457,0.2632526561494951,3.487458917868434,-16.113949244614354,0
1742345085.176251,0.2806899507388373,3.434271590905003,-16.113949244614354,0
1742345085.1853619,0.2978613086933623,3.3785015911823515,-16.113949244614354,0
1742345085.1945338,0.31475381664927404,3.320212126058392,-16.113949244614354,0
1742345085.20332,0.33135487727956603,3.259468371396721,-16.113949244614354,0
1742345085.2124429,0.34765221913654965,3.1963373059151934,-16.113949244614354,0
1742345085.221492,0.36363390566612563,3.130887545681729,-16.113949244614354,0
1742345085.2303429,0.37928834339453427,3.0631891797190876,-16.113949244614354,0
1742345085.23925,0.3946042892931297,2.9933136076398923,-16.113949244614354,0
1742345085.248065,0.40957085733132914,2.921333380186059,-16.113949244614354,0
1742345085.256984,0.42417752423225946,2.847322043493712,-16.113949244614354,0
1742345085.26585,0.43841413444972804,2.771353987846576,-16.113949244614354,0
1742345085.2750459,0.45227090438896095,2.6935043016184697,-16.113949244614354,0
1742345085.2837481,0.4657384258970533,2.6138486310398346,-16.113949244614354,0
1742345085.292665,0.47880766905225247,2.532463046354991,-16.113949244614354,0
1742345085.301624,0.49146998428402744,2.449423914866842,-16.113949244614354,0
1742345085.3107,0.5037171038583617,2.3648077812948625,-16.113949244614354,0
1742345085.319666,0.515541142764836,2.2786912558010797,-16.113949244614354,0
1742345085.328865,0.5269345990438414,2.191150909968141,-16.113949244614354,0
1742345085.337861,0.5378903535936821,2.1022631809440018,-16.113949244614354,0
1742345085.346911,0.5484016694984021,2.012104283899891,-16.113949244614354,0
1742345085.356013,0.5584621909179015,1.9207501328824845,-16.113949244614354,0
1742345085.3647292,0.5680659415823139,1.8282762700780453,-16.113949244614354,0
1742345085.373475,0.5772073229327042,1.7347578034460915,-16.113949244614354,0
1742345085.382486,0.5858811119499346,1.6402693526231655,-16.113949244614354,0
1742345085.391377,0.5940824587130504,1.5448850029437642,-16.113949244614354,0
1742345085.400555,0.6018068837277692,1.448678267375625,-16.113949244614354,0
1742345085.409376,0.6090502750646474,1.351722056120441,-16.113949244614354,0
1742345085.4183471,0.6158088853452496,1.2540886535887783,-16.113949244614354,0
1742345085.427447,0.6220793286131935,1.1558497024195165,-16.113949244614354,0
1742345085.436116,0.627858577125291,1.0570761941794768,-16.113949244614354,0
1742345085.4448252,0.6331439580961884,0.9578384663480178,-16.113949244614354,0
1742345085.4540029,0.6379331504279285,0.8582062051641479,-16.113949244614354,0
1742345085.4631958,0.6422241814537493,0.7582484538900383,-16.113949244614354,0
1742345085.4723158,0.6460154237231994,0.6580336260245685,-16.113949244614354,0
1742345085.4814441,0.6493055918533223,0.5576295229835699,-16.113949244614354,0
1742345085.490596,0.6520937394682401,0.4571033557495915,-16.113949244614354,0
1742345085.4997,0.6543792562469881,0.35652176998313745,-16.113949244614354,0
1742345085.508812,0.6561618650969038,0.25595087407927275,-16.113949244614354,0
1742345085.517876,0.6574416194673002,0.15545626964809287,-16.113949244614354,0
1742345085.526947,0.6582189008155407,0.05510308389467711,-16.113949244614354,0
1742345085.536025,0.658494416235014,-0.04504399662635025,-16.113949244614354,0
1742345085.54515,0.6582691962518823,-0.14492069140476443,-16.113949244614354,0
1742345085.554284,0.6575445927948584,-0.24446309103638766,-16.113949244614354,0
1742345085.563421,0.6563222773396765,-0.34360762246566434,-16.113949244614354,0
1742345085.572555,0.6546042392273482,-0.44229101491443634,-16.113949244614354,0
1742345085.5817769,0.652392784152776,-0.5404502669923216,-16.113949244614354,0
1742345085.590827,0.6496905328178144,-0.6380226154723565,-16.113949244614354,0
1742345085.599926,0.6465004197404526,-0.7349455062019837,-16.113949244614354,0
1742345085.608929,0.6428256922094426,-0.831156567604062,-16.113949244614354,0
1742345085.618099,0.6386699093714223,-0.9265935872053558,-16.113949244614354,0
1742345085.6271832,0.6340369414353956,-1.0211944916109208,-16.113949244614354,0
1742345085.636217,0.628930968977341,-1.1148973303219232,-16.113949244614354,0
1742345085.645282,0.6233564823257314,-1.2076402637717012,-16.113949244614354,0
1742345085.654378,0.6173182810068729,-1.29936155593027,-16.113949244614354,0
1742345085.663444,0.6108214732272216,-1.3899995718009692,-16.113949244614354,0
1742345085.674007,0.6038714753682167,-1.4794927801045317,-16.113949244614354,0
1742345085.683904,0.5964740114676941,-1.5677797614155113,-16.113949244614354,0
1742345085.6926458,0.5886351126606165,-1.6547992219837353,-16.113949244614354,0
1742345085.701386,0.5803611165506979,-1.7404900134392562,-16.113949244614354,0
1742345085.710057,0.5716586664835016,-1.8247911585432162,-16.113949244614354,0
1742345085.718782,0.5625347106907855,-1.9076418831091182,-16.113949244614354,0
1742345085.72755,0.5529965012752399,-1.9889816541793388,-16.113949244614354,0
1742345085.736285,0.5430515930043432,-2.0687502245003766,-16.113949244614354,0
1742345085.7453089,0.5327078418818414,-2.146887683297465,-16.113949244614354,0
1742345085.75439,0.521973403465354,-2.2233345133049283,-16.113949244614354,0
1742345085.76337,0.5108567308988294,-2.298031653963236,-16.113949244614354,0
1742345085.772497,0.49936657262901324,-2.370920570647308,-16.113949244614354,0
1742345085.781436,0.4875119697757767,-2.441943329743537,-16.113949244614354,0
1742345085.7904131,0.47530225312705904,-2.5110426793455,-16.113949244614354,0
1742345085.7997062,0.46274703973033154,-2.5781621352907353,-16.113949244614354,0
1742345085.81554,0.44985622905387784,-2.6432460722136826,-16.113949244614354,0
1742345085.8263521,0.43663999869280945,-2.706239819243234,-16.113949244614354,0
1742345085.837682,0.42310879959659325,-2.7670897599278037,-16.113949244614354,0
1742345085.8459818,0.40927335079695426,-2.825743435926789,-16.113949244614354,0
1742345085.855103,0.39514463361732033,-2.8821496539652496,-16.113949244614354,0
1742345085.8639119,0.3807338853474941,-2.9362585955090017,-16.113949244614354,0
1742345085.8724961,0.3660525923699491,-2.988021928580639,-16.113949244614354,0
1742345085.881187,0.35111248272704587,-3.0373929211036677,-16.113949244614354,0
1742345085.890347,0.33592551812152754,-3.0843265551324754,-16.113949244614354,0
1742345085.899562,0.32050388534586516,-3.1287796413006816,-16.113949244614354,0
1742345085.908715,0.30485998713936174,-3.1707109327999583,-16.113949244614354,0
1742345085.918081,0.28900643247536195,-3.2100812381860564,-16.113949244614354,0
1742345085.927268,0.27295602628443166,-3.2468535322988763,-16.113949244614354,0
1742345085.936459,0.2567217586229373,-3.280993064579278,-16.113949244614354,0
1742345085.94558,0.24031679330004088,-3.3124674640671823,-16.113949244614354,0
1742345085.954962,0.22375445597970497,-3.3412468403735525,-16.113949244614354,0
1742345085.964163,0.20704822177783722,-3.367303879933177,-16.113949244614354,0
1742345085.9732292,0.19021170237817134,-3.390613936865834,-16.113949244614354,0
1742345085.982429,0.17325863269384217,-3.411155117800377,-16.113949244614354,0
1742345085.991589,0.15620285710484028,-3.4289083600494146,-16.113949244614354,0
1742345086.0007648,0.1390583153045932,-3.4438575025613463,-16.113949244614354,0
1742345086.0098639,0.12183902779178647,-3.455989349121318,-16.113949244614354,0
1742345086.018996,0.10455908104617988,-3.465293723322771,-16.113949244614354,0
1742345086.0281532,0.08723261242956602,-3.4717635148862582,-16.113949244614354,0
1742345086.037262,0.06987379485513473,-3.4753947169615746,-16.113949244614354,0
1742345086.0463848,0.05249682127032686,-3.476186454112426,-16.113949244614354,0
1742345086.055763,0.03511588899976473,-3.474141000749186,-16.113949244614354,0
1742345086.065095,0.017745183996018796,-3.469263789844108,-16.113949244614354,0
1742345086.0742059,0.0003988650467982545,-3.4615634118339167,-16.113949244614354,0
1742345086.0833669,-0.01690895201237133,-3.451051603686275,-16.113949244614354,0
1742345086.092639,-0.03416421003080271,-3.437743228178422,-16.113949244614354,0
1742345086.101631,-0.05135292617169482,-3.4216562435075373,-16.113949244614354,0
1742345086.110703,-0.0684612073892325,-3.4028116634223333,-16.113949244614354,0
1742345086.119849,-0.08547526570634417,-3.3812335081332896,-16.113949244614354,0
1742345086.128837,-0.10238143324701063,-3.3569487463240497,-16.113949244614354,0
1742345086.1379359,-0.11916617697863088,-3.3299872286481853,-16.113949244614354,0
1742345086.146774,-0.1358161131218718,-3.300381613153128,-16.113949244614354,0
1742345086.155942,-0.15231802118763746,-3.2681672831260156,-16.113949244614354,0
1742345086.164953,-0.16865885760326754,-3.2333822579040237,-16.113949244614354,0
1742345086.174162,-0.18482576889278765,-3.196067097233995,-16.113949244614354,0
1742345086.183408,-0.20080610437895763,-3.1562647998025173,-16.113949244614354,0
1742345086.192363,-0.2165874283779702,-3.114020696587771,-16.113949244614354,0
1742345086.201449,-0.23215753186090907,-3.0693823397082762,-16.113949244614354,0
1742345086.210649,-0.24750444355945045,-3.0223993874610393,-16.113949244614354,0
1742345086.219947,-0.26261644049675564,-2.9731234862525096,-16.113949244614354,0
1742345086.229413,-0.27748205792801817,-2.9216081501302757,-16.113949244614354,0
1742345086.239108,-0.29209009867866953,-2.867908638621708,-16.113949244614354,0
1742345086.248449,-0.30642964187177807,-2.812081833577997,-16.113949244614354,0
1742345086.257559,-0.32049005103966804,-2.7541861157085403,-16.113949244614354,0
1742345086.266788,-0.3342609816182108,-2.69428124147171,-16.113949244614354,0
1742345086.2760088,-0.3477323878255693,-2.632428220964094,-16.113949244614354,0
1742345086.285096,-0.36089452893038976,-2.5686891974217705,-16.113949244614354,0
1742345086.294152,-0.3737379749174986,-2.503127328914499,-16.113949244614354,0
1742345086.303689,-0.3862536115620711,-2.435806672777399,-16.113949244614354,0
1742345086.313177,-0.3984326449259581,-2.3667920732852146,-16.113949244614354,0
1742345086.322091,-0.4102666052923842,-2.296149053032164,-16.113949244614354,0
1742345086.331305,-0.421747350557545,-2.223943708436157,-16.113949244614354,0
1742345086.34058,-0.4328670690997258,-2.1502426097402974,-16.113949244614354,0
1742345086.349796,-0.44361828214842725,-2.0751127058376357,-16.113949244614354,0
1742345086.35906,-0.4539938456776154,-1.9986212341974836,-16.113949244614354,0
1742345086.368563,-0.46398695184860284,-1.920835636123765,-16.113949244614354,0
1742345086.377918,-0.47359113002922165,-1.8418234775282414,-16.113949244614354,0
1742345086.38689,-0.48280024741686284,-1.7616523753544007,-16.113949244614354,0
1742345086.3961668,-0.49160850929363487,-1.6803899297417138,-16.113949244614354,0
1742345086.4052942,-0.5000104589423434,-1.5981036619751268,-16.113949244614354,0
1742345086.414249,-0.508000977252219,-1.5148609582213775,-16.113949244614354,0
1742345086.423467,-0.5155752820433259,-1.430729019012233,-16.113949244614354,0
1742345086.432499,-0.522728927138387,-1.3457748143952457,-16.113949244614354,0
1742345086.441509,-0.5294578012103632,-1.2600650446352937,-16.113949244614354,0
1742345086.450612,-0.5357581264335397,-1.1736661063151475,-16.113949244614354,0
1742345086.4596312,-0.5416264569651155,-1.0866440636506838,-16.113949244614354,0
1742345086.468821,-0.5470596772833689,-0.9990646248062325,-16.113949244614354,0
1742345086.478005,-0.5520550004074001,-0.9109931229679399,-16.113949244614354,0
1742345086.4871428,-0.5566099660222398,-0.8224945019079819,-16.113949244614354,0
1742345086.4963489,-0.5607224385317797,-0.7336333057499684,-16.113949244614354,0
1742345086.505566,-0.5643906050605295,-0.6444736726259277,-16.113949244614354,0
1742345086.515,-0.5676129734236591,-0.5550793318978161,-16.113949244614354,0
1742345086.526488,-0.5703883700831482,-0.46551360460151947,-16.113949244614354,0
1742345086.535881,-0.5727159381061558,-0.37583940675873906,-16.113949244614354,0
1742345086.545095,-0.5745951351399495,-0.2861192551919355,-16.113949244614354,0
1742345086.553948,-0.5760257314159092,-0.19641527546956017,-16.113949244614354,0
1742345086.562776,-0.577007807793257,-0.1067892116030769,-16.113949244614354,0
1742345086.571978,-0.5775417538512724,-0.017302437113691005,-16.113949244614354,0
1742345086.581182,-0.5776282660368408,0.07198403291480644,-16.113949244614354,0
1742345086.5891142,-0.5772683458722668,0.16100952918017225,-16.113949244614354,0
1742345086.5979068,-0.576463298226366,0.24971371528346842,-16.113949244614354,0
1742345086.606941,-0.5752147296499487,0.3380365750047535,-16.113949244614354,0
1742345086.6160488,-0.5735245467749249,0.42591840010284643,-16.113949244614354,0
1742345086.625226,-0.5713949547744107,0.5132997790013422,-16.113949244614354,0
1742345086.634353,-0.568828455879404,0.6001215867133528,-16.113949244614354,0
1742345086.643456,-0.5658278479458373,0.6863249763460396,-16.113949244614354,0
1742345086.652543,-0.5623962230641071,0.7718513725129182,-16.113949244614354,0
1742345086.661636,-0.5585369662015425,0.8566424669671996,-16.113949244614354,0
1742345086.670778,-0.5542537538667065,0.940640216753098,-16.113949244614354,0
1742345086.679573,-0.549550552782941,1.0237868451541263,-16.113949244614354,0
1742345086.6883662,-0.5444316185571704,1.1060248456979358,-16.113949244614354,0
1742345086.697381,-0.5389014943286807,1.187296989456277,-16.113949244614354,0
1742345086.706203,-0.5329650093813993,1.2675463358561938,-16.113949244614354,0
1742345086.7149508,-0.5266272777021184,1.3467162471946557,-16.113949244614354,0
1742345086.723681,-0.5198936964661451,1.424750407023537,-16.113949244614354,0
1742345086.732806,-0.5127699444310274,1.5015928425452225,-16.113949244614354,0
1742345086.74212,-0.5052619802183013,1.5771879511312161,-16.113949244614354,0
1742345086.751234,-0.49737604046264516,1.651480531047061,-16.113949244614354,0
1742345086.760426,-0.4891186378074099,1.7244158164367098,-16.113949244614354,0
1742345086.769683,-0.48049655872522634,1.795939516588346,-16.113949244614354,0
1742345086.778839,-0.47151686114228464,1.865997859471677,-16.113949244614354,0
1742345086.7879848,-0.46218687184492624,1.93453763950403,-16.113949244614354,0
1742345086.797257,-0.4525141836474061,2.0015062694693637,-16.113949244614354,0
1742345086.806575,-0.44250665230005926,2.0668518364807316,-16.113949244614354,0
1742345086.8157902,-0.4321723931176556,2.1305231618429965,-16.113949244614354,0
1742345086.8250859,-0.4215197773084406,2.1924698646389342,-16.113949244614354,0
1742345086.835259,-0.4105574279852459,2.252642428828485,-16.113949244614354,0
1742345086.847221,-0.3992942158411035,2.3109922736180857,-16.113949244614354,0
1742345086.85648,-0.38773925447301305,2.3674718268250055,-16.113949244614354,0
1742345086.8657658,-0.375901895338888,2.422034600930665,-16.113949244614354,0
1742345086.874582,-0.3637917223342347,2.474635271487363,-16.113949244614354,0
1742345086.88373,-0.3514185459767979,2.5252297575149183,-16.113949244614354,0
1742345086.892864,-0.33879239718922327,2.5737753034977726,-16.113949244614354,0
1742345086.901879,-0.3259235206717344,2.620230562569376,-16.113949244614354,0
1742345086.9110122,-0.3128223678588875,2.664555680449466,-16.113949244614354,0
1742345086.920203,-0.2994995894566402,2.7067123796814387,-16.113949244614354,0
1742345086.929288,-0.28596602755823297,2.7466640437016427,-16.113949244614354,0
1742345086.93791,-0.27223270733972477,2.784375800260368,-16.113949244614354,0
1742345086.947069,-0.25831082833842295,2.81981460370573,-16.113949244614354,0
1742345086.956104,-0.2442117553198943,2.8529493156367955,-16.113949244614354,0
1742345086.965064,-0.22994700874171034,2.88375078343129,-16.113949244614354,0
1742345086.974188,-0.2155282548245539,2.912191916156199,-16.113949244614354,0
1742345086.983179,-0.2009672952437729,2.938247757376603,-16.113949244614354,0
1742345086.992246,-0.18627605645688988,2.9618955543892276,-16.113949244614354,0
1742345087.001158,-0.17146657868494375,2.983114823422405,-16.113949244614354,0
1742345087.010368,-0.15655100456783172,3.001887410363411,-16.113949244614354,0
1742345087.019615,-0.14154156751601465,3.0181975465973623,-16.113949244614354,0
1742345087.028406,-0.12645057978302784,3.0320318995688558,-16.113949244614354,0
1742345087.0370948,-0.11129042028518357,3.043379617708136,-16.113949244614354,0
1742345087.046301,-0.09607352219664289,3.0522323693975544,-16.113949244614354,0
1742345087.057267,-0.08081236034965512,3.0585843756911157,-16.113949244614354,0
1742345087.066025,-0.06551943847119955,3.0624324365397007,-16.113949244614354,0
1742345087.0747972,-0.05020727628850105,3.0637759503167223,-16.113949244614354,0
1742345087.084012,-0.03488839653691744,3.0626169264831473,-16.113949244614354,0
1742345087.0930188,-0.019575311904501708,3.0589599912765197,-16.113949244614354,0
1742345087.102071,-0.004280511948119108,3.052812386355486,-16.113949244614354,0
1742345087.111182,0.010983549983658322,3.0441839603787986,-16.113949244614354,0
1742345087.120384,0.026204469785552315,3.033087153545458,-16.113949244614354,0
1742345087.129345,0.04136990555327961,3.019536975170031,-16.113949244614354,0
1742345087.138512,0.056467590429129765,3.0035509744137876,-16.113949244614354,0
1742345087.147477,0.07148534530119871,2.985149204337689,-16.113949244614354,0
1742345087.156374,0.08641109132288716,2.9643541794869424,-16.113949244614354,0
1742345087.165537,0.10123286222032186,2.9411908272584615,-16.113949244614354,0
1742345087.174643,0.11593881635661417,2.915686433341659,-16.113949244614354,0
1742345087.183687,0.13051724852332247,2.8878705815592602,-16.113949244614354,0
1742345087.19242,0.14495660143111877,2.857775088467895,-16.113949244614354,0
1742345087.2015,0.15924547687345825,2.82543393310784,-16.113949244614354,0
1742345087.210208,0.17337264653899745,2.790883182317202,-16.113949244614354,0
1742345087.219338,0.18732706245058345,2.754160912047871,-16.113949244614354,0
1742345087.228639,0.2010978670108228,2.715307125138597,-16.113949244614354,0
1742345087.237864,0.21467440263651577,2.6743636660144308,-16.113949244614354,0
1742345087.247099,0.22804622096658791,2.631374132791557,-16.113949244614354,0
1742345087.256215,0.2412030916305457,2.5863837872721342,-16.113949244614354,0
1742345087.265388,0.2541350105669064,2.5394394633153032,-16.113949244614354,0
1742345087.274407,0.26683220788348294,2.4905894740680568,-16.113949244614354,0
1742345087.283508,0.27928515525382325,2.439883518533355,-16.113949244614354,0
1742345087.292425,0.29148457284649004,2.38737258794289,-16.113949244614354,0
1742345087.3012962,0.3034214357862045,2.3331088723884594,-16.113949244614354,0
1742345087.310404,0.3150869801481468,2.2771456681492404,-16.113949244614354,0
1742345087.3198059,0.326472708488893,2.219537286132631,-16.113949244614354,0
1742345087.328903,0.33757039491955615,2.160338961824027,-16.113949244614354,0
1742345087.3378801,0.3483720897286763,2.0996067671162244,-16.113949244614354,0
1742345087.346862,0.3588701235642574,2.0373975243623854,-16.113949244614354,0
1742345087.3559098,0.3690571111860693,1.9737687229680172,-16.113949244614354,0
1742345087.3650408,0.3789259548009094,1.9087784388074738,-16.113949244614354,0
1742345087.374261,0.3884698469949468,1.842485256719425,-16.113949244614354,0
1742345087.3830242,0.39768227327854394,1.7749481963038718,-16.113949244614354,0
1742345087.3918562,0.4065570142600633,1.706226641210885,-16.113949244614354,0
1742345087.400845,0.4150881474661177,1.6363802720786254,-16.113949244614354,0
1742345087.409894,0.42327004882651087,1.5654690032456053,-16.113949244614354,0
1742345087.41908,0.4310973938427389,1.4935529233298637,-16.113949244614354,0
1742345087.427923,0.4385651584593882,1.4206922397359405,-16.113949244614354,0
1742345087.437213,0.4456686196580679,1.3469472271195153,-16.113949244614354,0
1742345087.446176,0.4524033557936655,1.2723781798094633,-16.113949244614354,0
1742345087.4552991,0.4587652466927128,1.197045368158097,-16.113949244614354,0
1742345087.464394,0.4647504735335033,1.121008998762622,-16.113949244614354,0
1742345087.4741561,0.4703555185273164,1.0443291784744935,-16.113949244614354,0
1742345087.48338,0.47557716441968884,0.9670658820885218,-16.113949244614354,0
1742345087.492492,0.48041249383013146,0.8892789235803197,-16.113949244614354,0
1742345087.50127,0.48485888844803304,0.8110279307391125,-16.113949244614354,0
1742345087.510201,0.4889140281017286,0.7323723230230779,-16.113949244614354,0
1742345087.519249,0.492575889716844,0.6533712924462923,-16.113949244614354,0
1742345087.528048,0.4958427461790755,0.5740837872900795,-16.113949244614354,0
1742345087.5371609,0.4987131651155259,0.49456849841707234,-16.113949244614354,0
1742345087.546025,0.5011860076076112,0.41488384795364364,-16.113949244614354,0
1742345087.5550332,0.5032604268473795,0.33508798009550733,-16.113949244614354,0
1742345087.563968,0.5049358667478571,0.2552387537822437,-16.113949244614354,0
1742345087.5726871,0.5062120605167683,0.1753937369792278,-16.113949244614354,0
1742345087.581694,0.5070890292016644,0.09561020229992458,-16.113949244614354,0
1742345087.590544,0.5075670802131641,0.015945123697720734,-16.113949244614354,0
1742345087.599222,0.5076468058316527,-0.06354482604563405,-16.113949244614354,0
1742345087.608363,0.5073290817014245,-0.14280327730834452,-16.113949244614354,0
1742345087.617375,0.5066150653148829,-0.22177416536582983,-16.113949244614354,0
1742345087.626573,0.5055061944880537,-0.300401732146341,-16.113949244614354,0
1742345087.635799,0.504004185827322,-0.3786305282700333,-16.113949244614354,0
1742345087.6451352,0.5021110331859718,-0.4564054156307633,-16.113949244614354,0
1742345087.654347,0.499829006107818,-0.5336715707725821,-16.113949244614354,0
1742345087.6634612,0.49716064825395506,-0.6103744893041633,-16.113949244614354,0
1742345087.672611,0.49410877580743423,-0.6864599915842834,-16.113949244614354,0
1742345087.684908,0.4906764758495128,-0.7618742298999939,-16.113949244614354,0
1742345087.6953359,0.4868671047000128,-0.8365636973463425,-16.113949244614354,0
1742345087.704152,0.48268428621328113,-0.9104752386024507,-16.113949244614354,0
1742345087.71315,0.4781319100202689,-0.9835560627834918,-16.113949244614354,0
1742345087.721934,0.4732141297063514,-1.0557537585316803,-16.113949244614354,0
1742345087.730956,0.467935360913693,-1.1270163114918479,-16.113949244614354,0
1742345087.739669,0.46230027935623375,-1.197292124298588,-16.113949244614354,0
1742345087.7486951,0.4563138187347408,-1.266530039182386,-16.113949244614354,0
1742345087.757542,0.44998116853882886,-1.334679363281672,-16.113949244614354,0
1742345087.76626,0.4433077717224205,-1.4016898967264309,-16.113949244614354,0
1742345087.775148,0.4362993222387883,-1.4675119635369653,-16.113949244614354,0
1742345087.783974,0.4289617624211035,-1.5320964453587316,-16.113949244614354,0
1742345087.792923,0.42130128019430985,-1.5953948180309603,-16.113949244614354,0
1742345087.801864,0.41332430610415505,-1.6573591909631586,-16.113949244614354,0
1742345087.810587,0.40503751014933925,-1.7179423492696857,-16.113949244614354,0
1742345087.8194199,0.3964477984029908,-1.7770977985885446,-16.113949244614354,0
1742345087.828149,0.3875623094100481,-1.8347798124864816,-16.113949244614354,0
1742345087.837121,0.37838841034761567,-1.8909434823285867,-16.113949244614354,0
1742345087.8460631,0.3689336929359727,-1.9455447694670056,-16.113949244614354,0
1742345087.854744,0.3592059690886377,-1.9985405595802872,-16.113949244614354,0
1742345087.86361,0.3492132662907363,-2.049888718972456,-16.113949244614354,0
1742345087.872328,0.338963822695874,-2.099548152619322,-16.113949244614354,0
1742345087.881212,0.3284660819327774,-2.1474788637289928,-16.113949244614354,0
1742345087.890035,0.3177286876141324,-2.1936420145642117,-16.113949244614354,0
1742345087.89922,0.30676047754131136,-2.237999988256225,-16.113949244614354,0
1742345087.90851,0.29557047760003025,-2.280516451323526,-16.113949244614354,0
1742345087.9176362,0.28416789534341264,-2.3211564165942447,-16.113949244614354,0
1742345087.92681,0.2725621132604414,-2.359886306218287,-16.113949244614354,0
1742345087.935963,0.26076268172934997,-2.396674014444774,-16.113949244614354,0
1742345087.944994,0.2487793116571261,-2.431488969831975,-16.113949244614354,0
1742345087.953835,0.23662186680796624,-2.464302196550988,-16.113949244614354,0
1742345087.962674,0.2243003558252113,-2.4950863744408935,-16.113949244614354,0
1742345087.9715369,0.21182492395300684,-2.5238158974722227,-16.113949244614354,0
1742345087.9806678,0.19920584446564574,-2.5504669302772602,-16.113949244614354,0
1742345087.989472,0.18645350981425943,-2.575017462410131,-16.113949244614354,0
1742345087.9984,0.17357842250220878,-2.5974473600067154,-16.113949244614354,0
1742345088.007116,0.1605911857021752,-2.617738414524245,-16.113949244614354,0
1742345088.0158982,0.14750249362955398,-2.6358743882529048,-16.113949244614354,0
1742345088.024597,0.13432312168828944,-2.6518410563068393,-16.113949244614354,0
1742345088.0334332,0.12106391640675525,-2.6656262448195345,-16.113949244614354,0
1742345088.0423281,0.10773578518265757,-2.6772198650885253,-16.113949244614354,0
1742345088.0511029,0.09434968585721494,-2.686613943436567,-16.113949244614354,0
1742345088.059957,0.08091661614003211,-2.693802646580697,-16.113949244614354,0
1742345088.0689769,0.06744760290712862,-2.698782302326725,-16.113949244614354,0
1742345088.078043,0.053953691395494996,-2.7015514154344795,-16.113949244614354,0
1742345088.08656,0.0404459343183226,-2.7021106785282822,-16.113949244614354,0
1742345088.095333,0.026935380925681186,-2.700462977957447,-16.113949244614354,0
1742345088.104207,0.013433066035893951,-2.696613394542737,-16.113949244614354,0
1742345088.112847,-5.00009368197326e-05,-2.690569199176458,-16.113949244614354,0
1742345088.121758,-0.013502846932702022,-2.6823398432758623,-16.113949244614354,0
1742345088.1306088,-0.026914546149081335,-2.671936944121524,-16.113949244614354,0
1742345088.139355,-0.040274230869688954,-2.6593742651440144,-16.113949244614354,0
1742345088.148212,-0.053571102195409025,-2.644667691253245,-16.113949244614354,0
1742345088.156895,-0.06679444065167525,-2.627835199335002,-16.113949244614354,0
1742345088.165638,-0.07993361664835026,-2.6088968240681547,-16.113949244614354,0
1742345088.1739452,-0.09297810076869104,-2.5878746192435624,-16.113949244614354,0
1742345088.183241,-0.10591747386490885,-2.564792614791546,-16.113949244614354,0
1742345088.192399,-0.11874143693886657,-2.5396767697487403,-16.113949244614354,0
1742345088.2016408,-0.13143982078761027,-2.512554921417,-16.113949244614354,0
1742345088.210635,-0.14400259539469526,-2.4834567309865907,-16.113949244614354,0
1742345088.219234,-0.1564198790496282,-2.452413625913067,-16.113949244614354,0
1742345088.22794,-0.16868194717919355,-2.419458739351854,-16.113949244614354,0
1742345088.236898,-0.18077924087595282,-2.3846268469665444,-16.113949244614354,0
1742345088.245703,-0.19270237511078553,-2.347954301436249,-16.113949244614354,0
1742345088.254722,-0.20444214661796678,-2.309478964993939,-16.113949244614354,0
1742345088.263484,-0.21598954144293647,-2.269240140331628,-16.113949244614354,0
1742345088.272484,-0.22733574214459462,-2.227278500209466,-16.113949244614354,0
1742345088.2814,-0.23847213464564196,-2.183636016104414,-16.113949244614354,0
1742345088.290167,-0.24939031472616402,-2.138355886230245,-16.113949244614354,0
1742345088.299315,-0.26008209415731526,-2.0914824632542266,-16.113949244614354,0
1742345088.308152,-0.2705395064735864,-2.0430611820271776,-16.113949244614354,0
1742345088.317131,-0.28075481238372224,-1.993138487632725,-16.113949244614354,0
1742345088.3260522,-0.2907205048218859,-1.9417617640487421,-16.113949244614354,0
1742345088.334771,-0.3004293136421296,-1.8889792636992608,-16.113949244614354,0
1742345088.343572,-0.3098742099606259,-1.8348400381588084,-16.113949244614354,0
1742345088.352279,-0.31904841015142,-1.7793938702533358,-16.113949244614354,0
1742345088.3619368,-0.32794537950268665,-1.7226912077828438,-16.113949244614354,0
1742345088.370851,-0.3365588355416009,-1.664783099070708,-16.113949244614354,0
1742345088.379664,-0.3448827510369544,-1.6057211305237362,-16.113949244614354,0
1742345088.388489,-0.35291135668957313,-1.5455573663653577,-16.113949244614354,0
1742345088.396908,-0.3606391435213999,-1.4843442906822604,-16.113949244614354,0
1742345088.405439,-0.3680608649748112,-1.4221347519024174,-16.113949244614354,0
1742345088.414316,-0.3751715387343233,-1.3589819097999896,-16.113949244614354,0
1742345088.4230819,-0.38196644828332327,-1.2949391851002061,-16.113949244614354,0
1742345088.432728,-0.3884411442088243,-1.2300602117351929,-16.113949244614354,0
1742345088.4424388,-0.3945914452675003,-1.16439879177997,-16.113949244614354,0
1742345088.450757,-0.40041343922640016,-1.0980088530766383,-16.113949244614354,0
1742345088.4590201,-0.40590348349178335,-1.0309444095342315,-16.113949244614354,0
1742345088.4671922,-0.4110582055394545,-0.9632595240719526,-16.113949244614354,0
1742345088.476953,-0.4158745031598143,-0.8950082741546342,-16.113949244614354,0
1742345088.4859571,-0.4203495445305874,-0.8262447198513719,-16.113949244614354,0
1742345088.4939709,-0.4244807681298443,-0.7570228743314354,-16.113949244614354,0
1742345088.501882,-0.4282658825015015,-0.6873966766958538,-16.113949244614354,0
1742345088.509904,-0.43170286588498075,-0.6174199670285396,-16.113949244614354,0
1742345088.517846,-0.43478996572012346,-0.5471464635375217,-16.113949244614354,0
1742345088.525894,-0.43752569803781105,-0.476629741644826,-16.113949244614354,0
1742345088.5339031,-0.4399088467460352,-0.4059232148728146,-16.113949244614354,0
1742345088.5431092,-0.4419384628203993,-0.3350801173653776,-16.113949244614354,0
1742345088.55082,-0.4436138634072262,-0.26415348787429127,-16.113949244614354,0
1742345088.559058,-0.4449346308465977,-0.1931961550343048,-16.113949244614354,0
1742345088.567371,-0.4459006116217692,-0.12226072374511215,-16.113949244614354,0
1742345088.5755131,-0.44651191524049477,-0.05139956247427993,-16.113949244614354,0
1742345088.5838451,-0.44676891305286615,0.019335208707555465,-16.113949244614354,0
1742345088.592004,-0.44667223700932834,0.08989172954936363,-16.113949244614354,0
1742345088.600273,-0.44622277836158153,0.16021841069057874,-16.113949244614354,0
1742345088.608564,-0.4454216863081286,0.23026394456935248,-16.113949244614354,0
1742345088.616767,-0.44427036658528185,0.2999773163550737,-16.113949244614354,0
1742345088.625063,-0.4427704800035065,0.36930781508847516,-16.113949244614354,0
1742345088.633153,-0.44092394092806414,0.43820504520791226,-16.113949244614354,0
1742345088.64158,-0.43873291570202455,0.5066189386345128,-16.113949244614354,0
1742345088.649933,-0.43619982100885196,0.5744997675818977,-16.113949244614354,0
1742345088.658401,-0.4333273221709425,0.6417981582480938,-16.113949244614354,0
1742345088.6667469,-0.430118331379702,0.7084651055381506,-16.113949244614354,0
1742345088.675141,-0.4265760058520113,0.774451988955865,-16.113949244614354,0
1742345088.68373,-0.422703745907232,0.8397105897919743,-16.113949244614354,0
1742345088.692344,-0.4185051929582721,0.904193109724232,-16.113949244614354,0
1742345088.7010188,-0.41398422740965096,0.9678521909320034,-16.113949244614354,0
1742345088.7096891,-0.40914496645499093,1.0306409378144574,-16.113949244614354,0
1742345088.718358,-0.40399176176591867,1.0925129403871519,-16.113949244614354,0
1742345088.727019,-0.39852919706398293,1.1534222994168855,-16.113949244614354,0
1742345088.735678,-0.3927620855668985,1.2133236533391898,-16.113949244614354,0
1742345088.744264,-0.38669546730020254,1.2721722069868315,-16.113949244614354,0
1742345088.7532501,-0.3803346062652684,1.3299237621412845,-16.113949244614354,0
1742345088.762358,-0.37368498745456197,1.3865347499023934,-16.113949244614354,0
1742345088.771481,-0.36675231370505,1.4419622648544792,-16.113949244614354,0
1742345088.780441,-0.3595425023807776,1.4961641009900357,-16.113949244614354,0
1742345088.789176,-0.3520616818758274,1.54909878933504,-16.113949244614354,0
1742345088.798322,-0.34431618792915225,1.6007256372028507,-16.113949244614354,0
1742345088.807415,-0.336312559743138,1.6510047689868177,-16.113949244614354,0
1742345088.816399,-0.3280575358982039,1.6998971683851913,-16.113949244614354,0
1742345088.8252769,-0.31955805005627796,1.7473647219358093,-16.113949244614354,0
1742345088.8342311,-0.31082122644659893,1.79337026372249,-16.113949244614354,0
1742345088.843339,-0.30185437512798646,1.8378776211001884,-16.113949244614354,0
1742345088.852448,-0.2926649870224855,1.8808516612718986,-16.113949244614354,0
1742345088.8613162,-0.283260728716126,1.922258338537136,-16.113949244614354,0
1742345088.870688,-0.27364943702344036,1.962064742019731,-16.113949244614354,0
1742345088.879817,-0.2638391133133417,2.0002391436717177,-16.113949244614354,0
1742345088.8888168,-0.2538379175949831,2.0367510463404286,-16.113949244614354,0
1742345088.897943,-0.24365416236328094,2.0715712316776034,-16.113949244614354,0
1742345088.9070232,-0.23329630620489292,2.1046718076625006,-16.113949244614354,0
1742345088.916131,-0.22277294716658042,2.136026255505724,-16.113949244614354,0
1742345088.925291,-0.2120928158890518,2.1656094756968503,-16.113949244614354,0
1742345088.934338,-0.20126476851056754,2.1933978329570083,-16.113949244614354,0
1742345088.943328,-0.19029777934578251,2.2193691998573817,-16.113949244614354,0
1742345088.952447,-0.17920093334649562,2.243502998866209,-16.113949244614354,0
1742345088.961459,-0.16798341835216457,2.2657802425902696,-16.113949244614354,0
1742345088.970631,-0.15665451713921322,2.286183571982067,-16.113949244614354,0
1742345088.979645,-0.1452235992793029,2.3046972922909426,-16.113949244614354,0
1742345088.988897,-0.1337001128178482,2.321307406545149,-16.113949244614354,0
1742345088.997893,-0.12209357578512245,2.3360016463624116,-16.113949244614354,0
1742345089.006968,-0.11041356755331039,2.3487694998986837,-16.113949244614354,0
1742345089.0159612,-0.09866972005381697,2.3596022367585325,-16.113949244614354,0
1742345089.0251362,-0.08687170887002431,2.3684929297057966,-16.113949244614354,0
1742345089.034086,-0.07502924422149533,2.375436473029724,-16.113949244614354,0
1742345089.043319,-0.06315206185634671,2.380429597439581,-16.113949244614354,0
1742345089.0523121,-0.0512499138691488,2.3834708813795875,-16.113949244614354,0
1742345089.0614269,-0.039332559462250866,2.384560758675824,-16.113949244614354,0
1742345089.070584,-0.027409755668871744,2.3837015224472866,-16.113949244614354,0
1742345089.0795252,-0.01549124805663531,2.380897325234395,-16.113949244614354,0
1742345089.0884962,-0.003586761430463334,2.3761541753197504,-16.113949244614354,0
1742345089.0970938,0.008294009446135418,2.369479929237674,-16.113949244614354,0
1742345089.106261,0.020141409092323787,2.3608842804907715,-16.113949244614354,0
1742345089.1151628,0.031945830494777644,2.3503787445133244,-16.113949244614354,0
1742345089.12391,0.04369772421734427,2.3379766399425064,-16.113949244614354,0
1742345089.132714,0.0553876074170568,2.3236930662790476,-16.113949244614354,0
1742345089.141504,0.06700607274845204,2.3075448780388927,-16.113949244614354,0
1742345089.150314,0.0785437971386465,2.28955065551641,-16.113949244614354,0
1742345089.159038,0.08999155041622854,2.269730672297667,-16.113949244614354,0
1742345089.1677299,0.10134020377771688,2.248106859679054,-16.113949244614354,0
1742345089.176543,0.11258073807611216,2.2247027681619502,-16.113949244614354,0
1742345089.1854668,0.12370425191692191,2.199543526208108,-16.113949244614354,0
1742345089.194392,0.13470196954796246,2.1726557964528466,-16.113949244614354,0
1742345089.2036421,0.14556524853022668,2.144067729583923,-16.113949244614354,0
1742345089.212794,0.15628558717814628,2.1138089161030313,-16.113949244614354,0
1742345089.2217522,0.16685463175866144,2.0819103361941966,-16.113949244614354,0
1742345089.2308218,0.17726418343963243,2.0484043079288847,-16.113949244614354,0
1742345089.239792,0.18750620497927686,2.013324434041384,-16.113949244614354,0
1742345089.248941,0.1975728271494838,1.9767055475099857,-16.113949244614354,0
1742345089.258068,0.20745635488703373,1.9385836561796814,-16.113949244614354,0
1742345089.267266,0.21714927316793214,1.8989958866605703,-16.113949244614354,0
1742345089.276458,0.226644252601235,1.8579804277329657,-16.113949244614354,0
1742345089.285631,0.23593415473989982,1.8155764734853947,-16.113949244614354,0
1742345089.294751,0.24501203710732677,1.7718241664053642,-16.113949244614354,0
1742345089.3040042,0.2538711579393536,1.726764540635018,-16.113949244614354,0
1742345089.3131719,0.2625049806425287,1.6804394655947485,-16.113949244614354,0
1742345089.32238,0.27090717797050246,1.6328915901675405,-16.113949244614354,0
1742345089.331595,0.27907163592134016,1.584164287625458,-16.113949244614354,0
1742345089.340784,0.28699245735946743,1.5343016014673443,-16.113949244614354,0
1742345089.349765,0.29466396536680417,1.4833481923236216,-16.113949244614354,0
1742345089.358892,0.30208070632842227,1.4313492860701897,-16.113949244614354,0
1742345089.3680341,0.30923745275877323,1.3783506232789464,-16.113949244614354,0
1742345089.377464,0.31612920587516796,1.324398410117531,-16.113949244614354,0
1742345089.386678,0.32275119792575563,1.2695392707956477,-16.113949244614354,0
1742345089.3956711,0.3290988942797339,1.213820201639882,-16.113949244614354,0
1742345089.404665,0.3351679952879333,1.1572885268634097,-16.113949244614354,0
1742345089.413633,0.34095443792225033,1.0999918560815178,-16.113949244614354,0
1742345089.422836,0.3464543972026579,1.0419780436085389,-16.113949244614354,0
1742345089.431704,0.3516642874207006,0.9832951495567286,-16.113949244614354,0
1742345089.4408891,0.35658076316848425,0.9239914027429155,-16.113949244614354,0
1742345089.449784,0.36120072018219884,0.8641151653944776,-16.113949244614354,0
1742345089.458534,0.3655212960091712,0.8037148996324784,-16.113949244614354,0
1742345089.4673622,0.3695398705073336,0.7428391356966616,-16.113949244614354,0
1742345089.476064,0.3732540661858169,0.681536441864559,-16.113949244614354,0
1742345089.485141,0.3766617483951397,0.6198553960052486,-16.113949244614354,0
1742345089.494189,0.379761025375166,0.5578445586973814,-16.113949244614354,0
1742345089.503343,0.3825502481686529,0.49555244783100505,-16.113949244614354,0
1742345089.512519,0.38502801040780793,0.4330275146035112,-16.113949244614354,0
1742345089.521614,0.3871931479808255,0.3703181208117275,-16.113949244614354,0
1742345089.530828,0.38904473858488414,0.30747251733482006,-16.113949244614354,0
1742345089.539881,0.3905821011715582,0.24453882369626495,-16.113949244614354,0
1742345089.549095,0.39180479529003953,0.1815650085877164,-16.113949244614354,0
1742345089.558182,0.3927126203329781,0.11859887123315081,-16.113949244614354,0
1742345089.567331,0.3933056146891439,0.05568802346820191,-16.113949244614354,0
1742345089.576397,0.3935840548064849,-0.007120127592872394,-16.113949244614354,0
1742345089.585721,0.3935484541685205,-0.06977839643164432,-16.113949244614354,0
1742345089.594871,0.3931995621863623,-0.13223983567096279,-16.113949244614354,0
1742345089.60406,0.3925383630080075,-0.19445775242051996,-16.113949244614354,0
1742345089.613153,0.3915660742459049,-0.25638572455027525,-16.113949244614354,0
1742345089.622275,0.3902841456231535,-0.3179776170171564,-16.113949244614354,0
1742345089.631377,0.38869425753806774,-0.3791875983672352,-16.113949244614354,0
1742345089.6405382,0.38679831954623156,-0.4399701575314731,-16.113949244614354,0
1742345089.649539,0.3845984687585742,-0.5002801210281798,-16.113949244614354,0
1742345089.658636,0.38209706815343325,-0.5600726706795564,-16.113949244614354,0
1742345089.667726,0.37929670480003547,-0.6193033619431398,-16.113949244614354,0
1742345089.6770098,0.3762001879903198,-0.677928142951665,-16.113949244614354,0
1742345089.686207,0.37281054727556145,-0.7359033743468526,-16.113949244614354,0
1742345089.695733,0.36913103040382717,-0.7931858499839689,-16.113949244614354,0
1742345089.704577,0.3651651011539073,-0.8497328185747206,-16.113949244614354,0
1742345089.712918,0.3609164370610337,-0.9055020063262095,-16.113949244614354,0
1742345089.720903,0.35638892702940267,-0.9604516406233207,-16.113949244614354,0
1742345089.7307148,0.3515866688262861,-1.0145404747911215,-16.113949244614354,0
1742345089.740562,0.34651396645233046,-1.0677278139626563,-16.113949244614354,0
1742345089.7500072,0.34117532738251716,-1.1199735420660097,-16.113949244614354,0
1742345089.7591,0.3355754596721871,-1.1712381499327418,-16.113949244614354,0
1742345089.7687109,0.3297192689225234,-1.2214827645178312,-16.113949244614354,0
1742345089.778303,0.32361185509993423,-1.2706691792092013,-16.113949244614354,0
1742345089.788023,0.3172585092038882,-1.3187598851927824,-16.113949244614354,0
1742345089.7975948,0.3106647097779243,-1.3657181038270045,-16.113949244614354,0
1742345089.8072162,0.3038361192587893,-1.4115078199686608,-16.113949244614354,0
1742345089.816593,0.296778580158946,-1.4560938161803478,-16.113949244614354,0
1742345089.825949,0.28949811107804424,-1.499441707738233,-16.113949244614354,0
1742345089.835558,0.28200090253935306,-1.541517978347822,-16.113949244614354,0
1742345089.845137,0.274293312647614,-1.5822900164647824,-16.113949244614354,0
1742345089.854979,0.26638186256529006,-1.6217261521077997,-16.113949244614354,0
1742345089.864392,0.25827323180475104,-1.6597956940409924,-16.113949244614354,0
1742345089.873632,0.24997425333454606,-1.6964689671946709,-16.113949244614354,0
1742345089.882941,0.24149190849857272,-1.7317173501852596,-16.113949244614354,0
1742345089.89204,0.23283332174764643,-1.7655133127881062,-16.113949244614354,0
1742345089.9012249,0.22400575518370588,-1.7978304532107254,-16.113949244614354,0
1742345089.910374,0.21501660291765226,-1.8286435350088492,-16.113949244614354,0
1742345089.919549,0.205873385242608,-1.8579285234835226,-16.113949244614354,0
1742345089.9287791,0.1965837426251904,-1.8856626213944625,-16.113949244614354,0
1742345089.93794,0.1871554295182181,-1.911824303823016,-16.113949244614354,0
1742345089.947105,0.177596307999103,-1.9363933520173513,-16.113949244614354,0
1742345089.95621,0.16791434123901625,-1.959350886053024,-16.113949244614354,0
1742345089.9651651,0.15811758680875113,-1.9806793961437896,-16.113949244614354,0
1742345089.9742029,0.14821418982803217,-2.00036277244048,-16.113949244614354,0
1742345089.983317,0.13821237596582978,-2.018386333159945,-16.113949244614354,0
1742345089.992148,0.12812044430003006,-2.0347368508914325,-16.113949244614354,0
1742345090.001167,0.11794676004557289,-2.049402576934341,-16.113949244614354,0
1742345090.010272,0.10769974716090118,-2.062373263528973,-16.113949244614354,0
1742345090.02327,0.09738788084325631,-2.0736401838506997,-16.113949244614354,0
1742345090.0325499,0.08701967992400281,-2.083196149647759,-16.113949244614354,0
1742345090.041719,0.07660369917576401,-2.0910355264136786,-16.113949244614354,0
1742345090.05087,0.06614852154369562,-2.097154245996964,-16.113949244614354,0
1742345090.059972,0.0556627503137108,-2.1015498165631197,-16.113949244614354,0
1742345090.068579,0.0451550012308952,-2.1042213298372006,-16.113949244614354,0
1742345090.076473,0.03463389458170919,-2.1051694655687907,-16.113949244614354,0
1742345090.0858262,0.024108047253865242,-2.104396493175498,-16.113949244614354,0
1742345090.095559,0.013586064787987752,-2.101906270535581,-16.113949244614354,0
1742345090.105013,0.0030765334353098465,-2.0977042399151054,-16.113949244614354,0
1742345090.114589,-0.00741198776426568,-2.091797421029918,-16.113949244614354,0
1742345090.123939,-0.017870974869415274,-2.0841944012576055,-16.113949244614354,0
1742345090.133589,-0.0282919468757033,-2.074905323029347,-16.113949244614354,0
1742345090.143123,-0.038666473490850034,-2.063941868446083,-16.113949244614354,0
1742345090.1523259,-0.04898618283308045,-2.0513172411775122,-16.113949244614354,0
1742345090.161011,-0.05924276903896801,-2.037046145716092,-16.113949244614354,0
1742345090.170358,-0.06942799976754847,-2.0211447640712237,-16.113949244614354,0
1742345090.179841,-0.07953372358790459,-2.0036307300011487,-16.113949244614354,0
1742345090.189069,-0.08955187723791033,-1.9845231008916189,-16.113949244614354,0
1742345090.198288,-0.09947449274236843,-1.963842327401041,-16.113949244614354,0
1742345090.2073421,-0.10929370437937364,-1.9416102210015,-16.113949244614354,0
1742345090.215775,-0.11900175548438113,-1.9178499195537189,-16.113949244614354,0
1742345090.225118,-0.12859100508214974,-1.892585851061592,-16.113949244614354,0
1742345090.234159,-0.1380539343374577,-1.8658436957583753,-16.113949244614354,0
1742345090.243229,-0.14738315281624956,-1.8376503466818959,-16.113949244614354,0
1742345090.252065,-0.15657140454965904,-1.8080338689002415,-16.113949244614354,0
1742345090.260813,-0.16561157389416026,-1.777023457552281,-16.113949244614354,0
1742345090.269289,-0.17449669118192165,-1.7446493948690651,-16.113949244614354,0
1742345090.278317,-0.18321993815626697,-1.7109430063426672,-16.113949244614354,0
1742345090.287198,-0.19177465318798032,-1.6759366162083573,-16.113949244614354,0
1742345090.2959292,-0.2001543362690221,-1.6396635024042174,-16.113949244614354,0
1742345090.304683,-0.20835265378104317,-1.6021578511694092,-16.113949244614354,0
1742345090.313749,-0.21636344303689023,-1.5634547114383757,-16.113949244614354,0
1742345090.323103,-0.22418071659408212,-1.5235899491833291,-16.113949244614354,0
1742345090.332567,-0.23179866633999877,-1.4826002018515343,-16.113949244614354,0
1742345090.3418171,-0.23921166734925645,-1.4405228330371893,-16.113949244614354,0
1742345090.3509068,-0.2464142815144424,-1.3973958875202235,-16.113949244614354,0
1742345090.359859,-0.2534012609520435,-1.3532580467961501,-16.113949244614354,0
1742345090.3694131,-0.26016755118602425,-1.3081485852123078,-16.113949244614354,0
1742345090.3785632,-0.2667082941120858,-1.26210732681649,-16.113949244614354,0
1742345090.3874419,-0.27301883074616823,-1.2151746030141803,-16.113949244614354,0
1742345090.396702,-0.2790947037612391,-1.1673912111204705,-16.113949244614354,0
1742345090.405719,-0.2849316598168415,-1.118798373882315,-16.113949244614354,0
1742345090.414651,-0.29052565168625305,-1.0694377000361803,-16.113949244614354,0
1742345090.4236958,-0.29587284018643395,-1.0193511459554283,-16.113949244614354,0
1742345090.432637,-0.3009695959162111,-0.9685809784310476,-16.113949244614354,0
1742345090.441503,-0.3058125008083663,-0.9171697386186605,-16.113949244614354,0
1742345090.4504452,-0.3103983495014596,-0.865160207174193,-16.113949244614354,0
1742345090.45939,-0.3147241505373306,-0.8125953705902442,-16.113949244614354,0
1742345090.468478,-0.3187871273902818,-0.7595183887351161,-16.113949244614354,0
1742345090.4773371,-0.3225847193339574,-0.7059725635867182,-16.113949244614354,0
1742345090.486482,-0.326114582151891,-0.6520013091442061,-16.113949244614354,0
1742345090.4957829,-0.329374588697612,-0.5976481224913015,-16.113949244614354,0
1742345090.5052118,-0.3323628293100685,-0.5429565559768192,-16.113949244614354,0
1742345090.514078,-0.33507761208995257,-0.48797019047004264,-16.113949244614354,0
1742345090.5228128,-0.3375174630423028,-0.4327326096412796,-16.113949244614354,0
1742345090.531549,-0.3396811260905092,-0.37728737521122685,-16.113949244614354,0
1742345090.540287,-0.3415675629665653,-0.32167800310671,-16.113949244614354,0
1742345090.5493429,-0.34317595298209885,-0.26594794045496056,-16.113949244614354,0
1742345090.558481,-0.34450569268437364,-0.21014054334387533,-16.113949244614354,0
1742345090.567422,-0.345556395401093,-0.1542990552716803,-16.113949244614354,0
1742345090.576469,-0.3463278906774514,-0.09846658620610946,-16.113949244614354,0
1742345090.5855858,-0.34682022360848197,-0.0426860921706146,-16.113949244614354,0
1742345090.594497,-0.34703365406933506,0.012999644726752704,-16.113949244614354,0
1742345090.603646,-0.3469686558457013,0.06854803590729991,-16.113949244614354,0
1742345090.612895,-0.3466259156661648,0.12391670566444343,-16.113949244614354,0
1742345090.62221,-0.3460063321378426,0.179063510320929,-16.113949244614354,0
1742345090.6314769,-0.34511101458623794,0.233946557285231,-16.113949244614354,0
1742345090.640531,-0.34394128179981176,0.28852422409018497,-16.113949244614354,0
1742345090.649514,-0.34249866067936086,0.3427551774945831,-16.113949244614354,0
1742345090.658675,-0.34078488479188795,0.3965983927254928,-16.113949244614354,0
1742345090.667721,-0.3388018928282605,0.4500131729354595,-16.113949244614354,0
1742345090.6768792,-0.3365518269635832,0.5029591689445599,-16.113949244614354,0
1742345090.686006,-0.3340370311188604,0.5553963993325022,-16.113949244614354,0
1742345090.6949718,-0.3312600491221979,0.6072852709406608,-16.113949244614354,0
1742345090.704098,-0.3282236227674946,0.658586599838119,-16.113949244614354,0
1742345090.713048,-0.324930689768304,0.7092616327995052,-16.113949244614354,0
1742345090.7221918,-0.3213843816043065,0.7592720693356921,-16.113949244614354,0
1742345090.731315,-0.31758802125762803,0.8085800843113207,-16.113949244614354,0
1742345090.740476,-0.31354512083607144,0.8571483511756567,-16.113949244614354,0
1742345090.749554,-0.3092593790801932,0.9049400658255357,-16.113949244614354,0
1742345090.758542,-0.3047346787510655,0.9519189711111462,-16.113949244614354,0
1742345090.7675781,-0.2999750838955098,0.9980493819871967,-16.113949244614354,0
1742345090.776659,-0.2949848369855738,1.0432962113036564,-16.113949244614354,0
1742345090.785674,-0.28976835592905553,1.0876249962218139,-16.113949244614354,0
1742345090.794755,-0.28433023094794646,1.1310019252329115,-16.113949244614354,0
