time_sec,theta_kalman,theta_dot_kalman,theta_ddot_kalman,x_pivot_m
0.346576,1.6326354117239372,0.05417425603976161,-0.425450272190129,-0.0
0.371498,1.6357755028092713,0.03078468944982915,-0.5096130151118227,-0.0
0.396502,1.6324716474925802,0.034626586379582644,-0.5940932729927331,-0.0
0.421509,1.6340099406034554,0.02992269414417465,-0.6807979681387507,-0.0
0.446513,1.6336924839717335,0.0294424145925236,-0.7697233113922162,-0.0
0.47152,1.631566481294629,0.04638710303931454,-0.8630375000809143,-0.0
0.496524,1.6346921818427034,0.04424097647158161,-0.9609809519708888,-0.0
0.521532,1.6357666862107774,0.037630829864653784,-1.0619900210988615,-0.0
0.546535,1.6358580069158888,0.032374926353807724,-1.166219651405275,-0.0
0.571542,1.6342096090909068,0.040203798561847644,-1.2752992570745174,-0.0
0.59655,1.635273610033036,0.04187807009259606,-1.3902497368888675,-0.0
0.621557,1.6360522698725164,0.039434288801425965,-1.510681712626213,-0.0
0.646561,1.636178413983165,0.036886750646603565,-1.636733313830745,-0.0
0.671564,1.6385913335706466,0.016184233679233107,-1.76739682762563,-0.0
0.696568,1.6353295776862398,0.015560277466534524,-1.9033665285057793,-0.0
0.721576,1.6345432410074439,0.01589461470677062,-2.0469490005074316,-0.0
0.746583,1.6314447214999759,0.03405325611734812,-2.2002899798018825,-0.0
0.771589,1.63037872202903,0.057600414283432474,-2.3659402737852235,-0.0
0.79659,1.6323514021302066,0.06747574300448736,-2.543873731708759,-0.0
0.821597,1.6352079130116954,0.05818111436859625,-2.7320702370999217,-0.0
0.846597,1.6376233385449166,0.03058547308221165,-2.9281710805758223,-0.0
0.871604,1.6401991413541628,-0.02233637136863957,-3.1293426823153867,-0.0
0.896612,1.6420716930794308,-0.10582005069363773,-3.3317574254850153,-0.0
0.921619,1.641209656569701,-0.21550639828609178,-3.5315278406532,-0.0
0.946623,1.6432416226612863,-0.39402452188121306,-3.721576578786617,-0.0
0.97163,1.6463466798058985,-0.683044732153705,-3.8877804523632697,-0.0
0.996638,1.643328626210427,-1.0905850052045107,-4.011808602192983,-0.0
1.021645,1.632384311305006,-1.632784304966709,-4.073181124296739,-0.0
1.046649,1.6066605195658337,-2.2989734892388127,-4.050744512461988,-0.0
1.071657,1.5637418680661133,-3.0828721091253213,-3.9244520386368396,-0.0
1.09666,1.4966522039147137,-3.947211002344811,-3.677493178438452,-0.0
1.121664,1.4046705696609665,-4.863677125127516,-3.298051715549217,-0.0
1.146667,1.2889856062967295,-5.82202142452828,-2.7769960604128383,-0.0
1.171674,1.1288083768393404,-6.663467231023352,-2.118700147304758,-0.0
1.196678,0.9481965121758358,-7.387445797707189,-1.3402273998302352,-0.0
1.221682,0.7392847837947899,-7.912590247286596,-0.46492895904638765,-0.0
1.246685,0.606230180512453,-8.901299768692446,0.53268149905551,-0.0
1.271693,0.364673063397837,-9.720104838922389,1.6809553509975768,-0.0
1.296697,-0.03512366326731514,-9.32989084118178,2.8695259088090346,-0.0
1.321704,-0.34631564289027006,-8.31788450273772,3.9507923911569094,-0.0
1.346708,-0.4878463332056783,-7.7663307527461445,4.916041395295643,-0.0
1.371711,-0.6812964587491702,-7.183469049793719,5.805268035654617,-0.0
1.396715,-0.9132736934918733,-6.171228560043645,6.5839663700158315,-0.0
1.421722,-1.0289140183687369,-5.4129413002302815,7.240997731202587,-0.0
1.446726,-1.1453833817082109,-4.761913596758173,7.809429428948516,-0.0
1.471733,-1.3119657853656195,-3.721541007960761,8.268320079732668,-0.0
1.496737,-1.4353672244271964,-2.4223198187154322,8.56582808261481,-0.0
1.521744,-1.4485014009000865,-1.4507522383002471,8.709256897677156,-0.0
1.546751,-1.4657736338012193,-0.5974200997572172,8.73665569798337,-0.0
1.571755,-1.4760720891975712,0.24235401105226506,8.659355106347395,-0.0
1.596759,-1.4693568155179546,1.0954993112337044,8.477266863046768,-0.0
1.621762,-1.432459388280928,1.8925062311399508,8.193412796150275,-0.0
1.646767,-1.3908036345747317,2.743738555749407,7.806982834456672,-0.0
1.671773,-1.2984068995053704,3.424820872227226,7.326236204252406,-0.0
1.696777,-1.2171751855587782,4.143479455278118,6.760408976284238,-0.0
1.721785,-1.127678095042508,4.968880592654805,6.095305509461661,-0.0
1.746792,-0.9618340237653227,5.479330158343786,5.345703694410187,-0.0
1.771802,-0.8533819636073592,6.1966848713874025,4.517657953526729,-0.0
1.796802,-0.7019872277443332,6.9295188248031945,3.589366784491917,-0.0
1.821808,-0.49984248481989346,7.430010702430577,2.575235644089295,-0.0
1.846814,-0.31635520852075294,7.927191573153134,1.4908476203031213,-0.0
1.871822,-0.17596915482941838,8.832899391536644,0.2980920909711884,-0.0
1.896823,0.19964186065708248,8.548251660804283,-0.9426609634889793,-0.0
1.921826,0.4404915909233652,8.025862608245433,-2.1175482909094967,-0.0
1.94683,0.6637901079163612,7.298360169015908,-3.1947164106360937,-0.0
1.971837,0.8667634636502052,6.381781115400599,-4.146024107711259,-0.0
1.996838,1.0240037126943882,5.448184909318652,-4.958528904503087,-0.0
2.021841,1.1464063088932903,4.585433075128325,-5.640382859753371,-0.0
2.046848,1.260953290920216,3.6925282147264173,-6.198083541565682,-0.0
2.071852,1.37569366374066,2.602629136348833,-6.6152939028855595,-0.0
2.096852,1.412026994766603,1.7018429377723354,-6.893385884941847,-0.0
2.121855,1.445080429976978,0.8489122628919312,-7.053539800293311,-0.0
2.146859,1.4602599131587264,0.02066701833653095,-7.102708318108754,-0.0
2.17186,1.4639605481035243,-0.8492850916329147,-7.039909450448167,-0.0
2.196866,1.4475046694332083,-1.7698215640517687,-6.85742920312985,-0.0
2.221868,1.396106426561858,-2.6480012827261716,-6.554072120223576,-0.0
2.246875,1.3257664460279799,-3.502561612202242,-6.134321658744948,-0.0
2.271882,1.231487108494275,-4.310200837151312,-5.602547744176604,-0.0
2.296889,1.1115040169017838,-5.02545495346117,-4.968371617528229,-0.0
2.321892,0.9833529684508276,-5.7169903312547365,-4.239036216694064,-0.0
2.346897,0.8284342322936395,-6.309588713363442,-3.421919074504064,-0.0
2.371904,0.6848946738868672,-6.995390079081479,-2.514280357912199,-0.0
2.396909,0.466075439180469,-7.334212117215827,-1.5336652332446334,-0.0
2.421911,0.27254512623596927,-7.574915962510931,-0.5132111618587345,-0.0
2.446918,0.07180677530537395,-7.705166342204503,0.5338760114407748,-0.0
2.471922,-0.08281242856200217,-8.091892439503667,1.6240578679793405,-0.0
2.496929,-0.3990956666150609,-7.592234174621767,2.709324697381625,-0.0
2.521932,-0.6083316334464588,-6.912520506553005,3.7053936907799248,-0.0
2.54694,-0.781387697731971,-6.196541687635431,4.5985806987665825,-0.0
2.571944,-0.9626272986301192,-5.24938356913662,5.370544567453873,-0.0
2.596948,-1.1079542767986372,-4.1640806692845365,5.993993780639178,-0.0
2.621954,-1.2197182213448228,-2.9912204427190403,6.4530358941205375,-0.0
2.646958,-1.2502913346499023,-2.122739901937953,6.767979072681808,-0.0
2.671966,-1.2924095596772796,-1.3123579440393303,6.9706192751454825,-0.0
2.696969,-1.3243824100733306,-0.4867068247959647,7.065599974277598,-0.0
2.72197,-1.3398445573051054,0.38259735312566656,7.048633557548639,-0.0
2.746977,-1.3446812598644031,1.3758522376945503,6.905924973391231,-0.0
2.771978,-1.2972812019637812,2.2840556348997074,6.633902655583888,-0.0
2.796984,-1.1967325661081911,2.8750545636987574,6.265202005636437,-0.0
2.821995,-1.1666881140985175,3.7846480878308957,5.798374258664947,-0.0
2.846999,-1.0751451355641526,4.718685545580911,5.203114279832687,-0.0
2.872006,-0.9207331991746187,5.376264548294848,4.4981991749793,-0.0
2.897011,-0.776625166701119,5.953349133541688,3.7106495554052543,-0.0
2.922018,-0.6246791818871955,6.495343024658069,2.846985858923988,-0.0
2.947023,-0.4836893624516934,7.181923144535646,1.8946544552209303,-0.0
2.972034,-0.30547192587413663,7.8581885945455685,0.8386956453158501,-0.0
2.997039,-0.043778283939284596,8.020065601539802,-0.28137361193237,-0.0
3.022039,0.20662895032362216,7.778232634447805,-1.393624975010777,-0.0
3.047047,0.4614533988847331,7.051896048604343,-2.428735903190951,-0.0
3.072053,0.6386621361601392,6.286278249589661,-3.3475552426940567,-0.0
3.09706,0.7609083300197282,5.750714959201416,-4.170034895578329,-0.0
3.12206,0.9437114354024865,4.89154559666647,-4.892006978603533,-0.0
3.147066,1.0915801670856038,3.8105474273342006,-5.471263077006075,-0.0
3.172066,1.1473835747341354,2.9975373029758523,-5.914354301542632,-0.0
3.197067,1.2027394141998777,2.3060056841200813,-6.255840793137695,-0.0
3.22207,1.2643698645859973,1.5611815043594106,-6.503033084281078,-0.0
3.247073,1.3124033211995336,0.7272873659386754,-6.645300530206152,-0.0
3.272076,1.3295413993267633,-0.11797225031487057,-6.675089534518158,-0.0
3.297077,1.3251324684050336,-0.9686336328758101,-6.591361746742217,-0.0
3.322083,1.301132019400667,-1.8341091374261644,-6.39232145254602,-0.0
3.347084,1.2681540584337565,-2.805820573379957,-6.067299808902692,-0.0
3.372091,1.186552998563714,-3.6973833138221024,-5.613034085525986,-0.0
3.397091,1.0676864999490983,-4.392145511971909,-5.050966205497595,-0.0
3.422095,0.9670839288438801,-5.153072894431498,-4.389860503164827,-0.0
3.447098,0.8359393747021424,-5.889715256732554,-3.6236846013384323,-0.0
3.472102,0.6465305377621965,-6.298904773419034,-2.7787603863610375,-0.0
3.497106,0.49310335793634325,-6.722991739303034,-1.8777643607475252,-0.0
3.522109,0.34698802395762224,-7.292675811303484,-0.9036988696066786,-0.0
3.547113,0.09883466353028629,-7.345763956438988,0.11644181680125243,-0.0
3.572121,-0.13815810985510862,-6.972306119879886,1.1082655634029699,-0.0
3.597124,-0.2797825352318306,-6.815532870749538,2.058481788602215,-0.0
3.622128,-0.4831671547028641,-6.382024400258601,2.966130064121515,-0.0
3.647131,-0.6563674917599096,-5.815776540173149,3.8009762351801655,-0.0
3.672135,-0.8149556050750788,-5.120146407677289,4.544817075916475,-0.0
3.697143,-0.9790968663447805,-4.123796895121422,5.165119877136252,-0.0
3.722146,-1.0811433673275836,-3.1071951324580844,5.6379934827845695,-0.0
3.747154,-1.1291740813102749,-2.287407321713203,5.980415544367454,-0.0
3.772157,-1.1792140656876573,-1.498333984982529,6.213029893382744,-0.0
3.797165,-1.2057314323909563,-0.7707249931995577,6.344709147910714,-0.0
3.822168,-1.2301778590884271,0.013923411420920573,6.376579697803478,-0.0
3.847172,-1.226123821798633,0.7865049825661612,6.30523666963274,-0.0
3.872175,-1.2209688905974725,1.6806827808099205,6.1214767815296085,-0.0
3.897176,-1.1714632348761649,2.528244655425888,5.818525247559208,-0.0
3.922179,-1.0924852276252135,3.2633128939745997,5.408619477009321,-0.0
3.947187,-1.0157551588582305,4.036740114950923,4.896450027579916,-0.0
3.972194,-0.9091678284059005,4.765816234565085,4.280597554580157,-0.0
3.997202,-0.7746452335522359,5.373653876141122,3.5725048737603267,-0.0
4.022209,-0.5993715049133245,5.664682097564245,2.8058964063759717,-0.0
4.047217,-0.47281738530687323,6.055283925181767,1.9957946022811441,-0.0
4.072219,-0.30619942310312975,6.3153431838085226,1.1414981420184667,-0.0
4.09722,-0.1731059727562444,6.74171219511667,0.23656576058550627,-0.0
4.122231,-0.012461709852182083,7.204354717132643,-0.7395328607764426,-0.0
4.147235,0.2291504516855844,7.17899494693198,-1.7530930095024733,-0.0
4.172235,0.4792867504901604,6.593690977557608,-2.7209853919444598,-0.0
4.197242,0.6781900817956714,5.72170909875767,-3.5768291144918223,-0.0
4.222248,0.8130453002954976,4.880605355057941,-4.303116432593711,-0.0
4.247251,0.9227635013069705,4.102825731895765,-4.910983691558606,-0.0
4.272255,1.0306367021233303,3.2581021176474074,-5.402905103326873,-0.0
4.297262,1.1102014488250378,2.4021802246917936,-5.774661368892132,-0.0
4.322269,1.1576639341822754,1.6175293957920536,-6.033051954545908,-0.0
4.347275,1.2043595870484074,0.7652053781399073,-6.179687474220113,-0.0
4.372278,1.2200925028591154,-0.07987292718828076,-6.210378416388811,-0.0
4.397282,1.2167771561006389,-0.9303510622079625,-6.125647419865393,-0.0
4.422286,1.1889572569429108,-1.758734758836333,-5.926772315153228,-0.0
4.447293,1.147124155981402,-2.6117886162016917,-5.612948574449456,-0.0
4.472297,1.0839805314708872,-3.485915357908125,-5.1793002524110205,-0.0
4.497301,0.9760056894181626,-4.204777692393023,-4.635447182920703,-0.0
4.522304,0.8714421732609244,-4.924518713409029,-3.9922123225880313,-0.0
4.547311,0.7470669115633545,-5.627430950420709,-3.248454237241395,-0.0
4.572319,0.586499524438636,-6.169624045864732,-2.416072805110298,-0.0
4.597322,0.39885377598570676,-6.445510460193483,-1.5273498928085143,-0.0
4.622329,0.2281456568206639,-6.630206128498186,-0.6084757319346021,-0.0
4.647337,0.04672223175023625,-6.675081936287867,0.3250726970000457,-0.0
4.672341,-0.15368136814339492,-6.443737184707891,1.242503143750536,-0.0
4.697348,-0.33338038301455303,-6.04628876953968,2.1108315466444516,-0.0
4.722355,-0.5007696047384053,-5.499773369332276,2.9075269867674756,-0.0
4.747366,-0.6289179503837848,-4.995890490893819,3.6271900579055796,-0.0
4.77237,-0.7650933990330216,-4.380371699554892,4.267229167937964,-0.0
4.797374,-0.8852054810277064,-3.6588506766990285,4.812349111411635,-0.0
4.822378,-0.9857837305876284,-2.843727747640331,5.24839335072175,-0.0
4.847381,-1.0529659492723218,-2.034380700680955,5.570089369406176,-0.0
4.872384,-1.099472633856732,-1.236329988075381,5.780435322960793,-0.0
4.897388,-1.1293427428088756,-0.42712542485128857,5.880549970786214,-0.0
4.922396,-1.1352774428785877,0.3628382352584463,5.871752671572599,-0.0
4.9474,-1.1446869564278532,1.3047767938301882,5.743179862406847,-0.0
4.972406,-1.0887498404799516,2.082005351377232,5.495606277142334,-0.0
4.99741,-1.0148977263369652,2.702231585499532,5.155040246103308,-0.0
5.022418,-0.9617633744915653,3.4337441220258484,4.724065209872304,-0.0
5.047422,-0.8820142471864554,4.210772660092252,4.188018149546609,-0.0
5.072425,-0.7640084767811894,4.888203466989321,3.5493909165795383,-0.0
5.097432,-0.6146681827725069,5.3539764142245225,2.831659739005726,-0.0
5.12244,-0.4708780996017754,5.733246587196034,2.056832363114946,-0.0
5.147444,-0.29903853326679164,5.883564331770208,1.2480733968525488,-0.0
5.17245,-0.1979367545813106,6.360503961366505,0.39395473286276683,-0.0
5.197454,0.023422556777654455,6.348927475859268,-0.4955012945225459,-0.0
5.222459,0.19832536309299553,6.191887822075003,-1.371126922018437,-0.0
5.247465,0.3560478411058755,5.987041823397696,-2.2204996415364064,-0.0
5.272469,0.5401037989712796,5.497338003545284,-3.0195053354241868,-0.0
5.297476,0.6904967141211767,4.882771754273169,-3.7374535648631415,-0.0
5.32248,0.8249281043899505,4.148245416090759,-4.357112477223614,-0.0
5.347487,0.9363740869211841,3.3295030117570263,-4.86426195865168,-0.0
5.372491,1.0152701858446727,2.5188223559836125,-5.254904472235198,-0.0
5.397495,1.0801007481685143,1.6718260407781291,-5.528554971137507,-0.0
5.422498,1.1226384601283652,0.7992849427472213,-5.68144400764074,-0.0
5.447502,1.1316711031606101,-0.008402787699157255,-5.717732440192302,-0.0
5.472509,1.129379980450034,-0.8147721305376179,-5.643324359291153,-0.0
5.497509,1.1056542276336039,-1.6072205639224253,-5.459409524852253,-0.0
5.522513,1.0593687357359853,-2.361880084688501,-5.169756688372451,-0.0
5.547517,0.9928307690980399,-3.064946431039706,-4.780823984930141,-0.0
5.572523,0.9199403355537712,-3.7970623142966153,-4.2930769841473655,-0.0
5.597531,0.8108189782123091,-4.4201562109443255,-3.7113515650179094,-0.0
5.622535,0.6716929236462865,-4.822308665918959,-3.060900736580635,-0.0
5.647542,0.5434530688135478,-5.1571713451039685,-2.3631637203180045,-0.0
5.672547,0.41366954131404904,-5.473061660884933,-1.6225192193853957,-0.0
5.697549,0.26450179390305795,-5.681041727483743,-0.8465409995056472,-0.0
5.722554,0.12708861085438755,-5.905454906217278,-0.03969162494613876,-0.0
5.747556,-0.030627349121784067,-6.033496397434128,0.794664961169552,-0.0
5.772561,-0.21301539594873037,-5.901589058079075,1.6302703097485143,-0.0
5.797568,-0.3900506577795297,-5.523166956269353,2.428422495037891,-0.0
5.822575,-0.5422395081954549,-5.012662260299697,3.1609924475829345,-0.0
5.847583,-0.6755987295771664,-4.415537122446624,3.8129520828909875,-0.0
5.87259,-0.7974921092118027,-3.7064083646098855,4.370641263205771,-0.0
5.897594,-0.9018286024159102,-2.8851341767886907,4.817910400877258,-0.0
5.922598,-0.968425969635742,-2.082498677247343,5.149063415300769,-0.0
5.947601,-1.00941136726475,-1.3422988057873981,5.372471323531262,-0.0
5.972604,-1.0398240181352225,-0.6073484733526748,5.494924413795776,-0.0
5.997608,-1.0553356084052627,0.14604900469236237,5.516043194493713,-0.0
6.022613,-1.084015966415601,1.155176561203211,5.413294001606185,-0.0
6.047619,-1.0529172773436835,2.157616136620796,5.1657677967237925,-0.0
6.072619,-0.9736971586251321,2.9762083078044403,4.7886028537938765,-0.0
6.097623,-0.8566360511002139,3.4764949136929255,4.322316775224406,-0.0
6.12263,-0.7505811006299284,3.8313226902084216,3.8037751976601957,-0.0
6.147634,-0.6558081028435683,4.189168238937637,3.242791132861905,-0.0
6.172634,-0.5780708382524871,4.742342723417183,2.620601162852772,-0.0
6.197641,-0.48933787863392936,5.509028252943875,1.9006972123972217,-0.0
6.222649,-0.312480916548751,5.968180739692984,1.0881168721821606,-0.0
6.247652,-0.10223807939288021,5.9513352745333385,0.2449211274462062,-0.0
6.27266,0.06555971367066946,5.770719169263874,-0.5790574867320899,-0.0
6.297663,0.19623561905286746,5.669288775027924,-1.3802435782293507,-0.0
6.32267,0.34842688053762777,5.465493616464268,-2.1600879860536306,-0.0
6.347674,0.5180624933088621,4.989141433620022,-2.8906580303764446,-0.0
6.372679,0.6662523188295021,4.311294083829087,-3.53561894196376,-0.0
6.397685,0.7638524022507737,3.684822161836008,-4.085331103740973,-0.0
6.422692,0.8671038328616354,2.9511619371836635,-4.537632121108292,-0.0
6.447697,0.944636272275577,2.1670768514155108,-4.881481265051058,-0.0
6.472704,0.998203649199153,1.3672727933248638,-5.113026708511715,-0.0
6.497708,1.0288027257570245,0.5764007364419346,-5.232900347712284,-0.0
6.522711,1.0415324163461985,-0.21718600877826866,-5.242351049686777,-0.0
6.547715,1.0332991932768796,-1.002229893490497,-5.142133215403241,-0.0
6.572718,1.0034787101228198,-1.7609567592917348,-4.934960995614745,-0.0
6.597722,0.9521451107969361,-2.4710381505468932,-4.6264374469823135,-0.0
6.622726,0.8808779329892532,-3.112778448268526,-4.225231847116193,-0.0
6.64773,0.7791399882002804,-3.5747110730568377,-3.7505324467440273,-0.0
6.672733,0.7128956134294517,-4.206401093374191,-3.201353903507263,-0.0
6.697737,0.6134621143038866,-4.874235128974111,-2.558419447622944,-0.0
6.722744,0.46487789356424447,-5.331037093477087,-1.8338128948522154,-0.0
6.747748,0.29726082110044827,-5.515956150116439,-1.064904314207995,-0.0
6.772755,0.13517357475572436,-5.5021567877116535,-0.2877762594466411,-0.0
6.797762,-0.0243844257435306,-5.3039884871765945,0.46888579092523486,-0.0
6.822767,-0.1639078778529618,-5.033242995950659,1.186875406545992,-0.0
6.84777,-0.25386526124547526,-5.010001684084857,1.8838277520603715,-0.0
6.872774,-0.40935068549866976,-4.737686570761695,2.562555850939683,-0.0
6.897777,-0.5533419031813375,-4.250323869150563,3.1872716213673034,-0.0
6.922784,-0.6658601999907486,-3.6924314474040423,3.7369051182628468,-0.0
6.947789,-0.7715359658835583,-3.0114224134550343,4.197773456368433,-0.0
6.972793,-0.8477869908884916,-2.301456643193193,4.559314900210642,-0.0
6.997798,-0.9175903610269747,-1.479558867311944,4.811507804035489,-0.0
7.022802,-0.9509659364551977,-0.6669977303867047,4.947085296435402,-0.0
7.047808,-0.9603408837820145,0.10589514903904629,4.970935047335365,-0.0
7.072819,-0.9417937255144467,0.7718305687045548,4.895599130531913,-0.0
7.097826,-0.9122066954883966,1.3701032941708402,4.735512084577662,-0.0
7.122833,-0.8800071219607359,1.9906626161967984,4.493962856768964,-0.0
7.147837,-0.833551411021622,2.640255653050038,4.165842111423665,-0.0
7.172838,-0.7690779257185428,3.302542878056167,3.7464897414879594,-0.0
7.197841,-0.7090026308817765,4.1312357459808355,3.21943595351273,-0.0
7.222845,-0.58129685277129,4.770697571169082,2.584612590098036,-0.0
7.247852,-0.4439275386061012,5.264058523522689,1.86752748131385,-0.0
7.272856,-0.29968923936748026,5.648482139679834,1.0866065718594857,-0.0
7.297859,-0.10964571577026125,5.649224770382463,0.2797565578207539,-0.0
7.322863,0.07028446690435684,5.339688334942657,-0.49853569991221747,-0.0
7.347871,0.21186960487203926,4.948197488235712,-1.218904429124441,-0.0
7.372877,0.32867315576372913,4.586944871663246,-1.8801608269251915,-0.0
7.397885,0.4401818516307233,4.227903147559221,-2.487881544524866,-0.0
7.422888,0.5134275120759493,4.090535838666692,-3.0633508971256935,-0.0
7.447896,0.6586427060126372,3.6091822038274666,-3.5988448318911566,-0.0
7.4729,0.7651612760992936,2.983483704749049,-4.056008439245813,-0.0
7.497904,0.8553057443633524,2.219892275486065,-4.413403295574392,-0.0
7.522909,0.9081536602411232,1.4566197471517985,-4.661267456482811,-0.0
7.547911,0.9354915188994665,0.7440999166157756,-4.805113175576319,-0.0
7.572911,0.9503745181909161,0.044528658599052306,-4.851060172758811,-0.0
7.597918,0.9530287810999589,-0.6790923044958599,-4.798578847854731,-0.0
7.622925,0.9290693111120215,-1.3602077713786243,-4.649192529384825,-0.0
7.647932,0.896796824188457,-2.061275946701852,-4.404359343180741,-0.0
7.672936,0.8512763075547859,-2.8113171062964795,-4.057519279584322,-0.0
7.697943,0.7836533260447621,-3.581756330167881,-3.6016644461993215,-0.0
7.722947,0.6637409950000802,-4.121162366569961,-3.0526656988151304,-0.0
7.747955,0.5504244697206304,-4.576357938573938,-2.4346846807152485,-0.0
7.772962,0.4248094700405995,-4.937230871128474,-1.7601610411591988,-0.0
7.797969,0.29102647744975074,-5.207143652257023,-1.0418353658265378,-0.0
7.82297,0.1802986655824222,-5.606655541559872,-0.2735921878714578,-0.0
7.847973,-0.015101655373363821,-5.572921619883263,0.522374787074936,-0.0
7.872976,-0.19395687289396998,-5.221073959149707,1.2867496848651374,-0.0
7.897984,-0.34941894835683507,-4.659561136924946,1.9788274673976396,-0.0
7.922985,-0.45317584664571675,-4.170953651040598,2.5902494314011584,-0.0
7.947997,-0.5639335661724364,-3.6118787575991007,3.123930481359263,-0.0
7.973003,-0.6519030047959552,-3.0491426153726704,3.576079830450766,-0.0
7.998005,-0.7280532507434148,-2.4669397638271646,3.946822460953702,-0.0
8.02301,-0.7884005609945594,-1.8758645299622527,4.235510405771991,-0.0
8.048018,-0.842248331458234,-1.215330671857807,4.436992499700154,-0.0
8.073027,-0.8710861626637856,-0.5508113982047278,4.546172403798577,-0.0
8.098032,-0.8802773308969531,0.09281996938191939,4.565104009450798,-0.0
8.123039,-0.8776986829274146,0.7456548993752479,4.49502687243073,-0.0
8.148048,-0.8552224812277877,1.3784149028683288,4.336739909150203,-0.0
8.173053,-0.8230578883018408,2.0343922358490794,4.089506329925752,-0.0
8.198058,-0.7507410866012342,2.5326787480968864,3.7636808674924507,-0.0
8.22306,-0.6976924522995532,3.108260633828382,3.3647662980782678,-0.0
8.248066,-0.6098037138274598,3.6050310924462368,2.8913810772129542,-0.0
8.27307,-0.5043972067287337,3.9817458469403837,2.3582712599070508,-0.0
8.298076,-0.41937623886573777,4.45898883929527,1.7649690375900269,-0.0
8.323077,-0.3061546409386357,4.911869412897946,1.1027881725413131,-0.0
8.34808,-0.14057840311141034,5.029526881629345,0.3990614925703966,-0.0
8.373083,-0.03211340777373564,5.259346953834976,-0.33047715514719833,-0.0
8.398084,0.14935276767369096,5.094878729378175,-1.0653153507725381,-0.0
8.423091,0.30337367097903384,4.709173499130685,-1.7572412422761126,-0.0
8.448094,0.4168762199659304,4.33314315307779,-2.3916051304356785,-0.0
8.473098,0.5459942049506106,3.779298382201096,-2.957164338190916,-0.0
8.498099,0.6402521498362211,3.205602645136231,-3.439954494901359,-0.0
8.523102,0.7347821650576646,2.503535641759188,-3.8298133107215317,-0.0
8.548106,0.7919617006412502,1.8229865705421688,-4.119657990534619,-0.0
8.573109,0.8358462839895048,1.1379924046877998,-4.312324388916043,-0.0
8.598113,0.8579836617225733,0.485262478304457,-4.411133017409854,-0.0
8.623116,0.8696876339743502,-0.1771111320364327,-4.41857402671768,-0.0
8.648117,0.8607000932788784,-0.8158077615017878,-4.336037101024665,-0.0
8.67312,0.8376181217319661,-1.4423417207583404,-4.166350585862569,-0.0
8.698121,0.8009801954103012,-2.0698525742152194,-3.9099212453202847,-0.0
8.723127,0.7492484143474175,-2.699943777306757,-3.565566328140442,-0.0
8.748128,0.6773176305147764,-3.2962045062139085,-3.1346383073797095,-0.0
8.773132,0.5803019907001981,-3.779102110761082,-2.6277819171968657,-0.0
8.798135,0.45748772071200466,-4.0426163616751944,-2.0707558997548308,-0.0
8.823139,0.36099372428156956,-4.330797956171136,-1.477562040981594,-0.0
8.848143,0.2586908073259516,-4.6517786252657505,-0.8410217816007979,-0.0
8.873146,0.09531956195785962,-4.605390718084152,-0.18643828701866205,-0.0
8.898154,-0.022101091996388073,-4.525358693766588,0.4554798784638958,-0.0
8.923157,-0.14997694066817696,-4.317152310783252,1.0739544571662059,-0.0
8.948158,-0.21924723703283885,-4.380164583720243,1.6835197954533667,-0.0
8.973165,-0.3754571857303372,-4.073392755438128,2.278522657672392,-0.0
8.998172,-0.49823377641319255,-3.588945917175996,2.8158789439494427,-0.0
9.023173,-0.6002369977588289,-2.9919916798278203,3.2737792796923575,-0.0
9.04818,-0.6775283406592784,-2.356880740826425,3.6417475687200502,-0.0
9.073187,-0.7318232703405254,-1.738434211206643,3.9197122102417907,-0.0
9.098194,-0.7729836374470801,-1.1208928537914975,4.110480167220846,-0.0
9.123198,-0.7971802529079931,-0.517499867985145,4.216280218430897,-0.0
9.148201,-0.8112698072062952,0.1070990778277241,4.237141635653055,-0.0
9.173205,-0.8129778135891609,0.7749841257264025,4.16795729777436,-0.0
9.198208,-0.8014591412635339,1.5096680692958466,3.999459241458805,-0.0
9.223209,-0.7651577372751425,2.2600967343160123,3.7242790816444757,-0.0
9.248217,-0.679681289309031,2.7949141145698424,3.358137833532769,-0.0
9.27322,-0.5994054376133576,3.2501091036888385,2.924287106726096,-0.0
9.29822,-0.5351567455280476,3.8283277654362884,2.417448265506361,-0.0
9.323227,-0.4285535808526828,4.317388178087307,1.8328440652666425,-0.0
9.348228,-0.2875437568270798,4.547680571049502,1.1971776780033014,-0.0
9.373235,-0.13942809417676924,4.50630577607857,0.5520828541456773,-0.0
9.398241,-0.03678869111213791,4.524609293122405,-0.08745141506249965,-0.0
9.423242,0.08366646645372858,4.4711353116884665,-0.7230901827787832,-0.0
9.448247,0.20866486059730532,4.300431092980473,-1.3417466073136524,-0.0
9.473257,0.31960436082981253,4.084880027255831,-1.9325330861087178,-0.0
9.498263,0.4561257180975293,3.5917046980360574,-2.4711117432569,-0.0
9.523269,0.5674671521218687,2.917326028367391,-2.921622891790573,-0.0
9.548275,0.6022898703254426,2.510113630318675,-3.293282939028362,-0.0
9.573278,0.6840484196945962,1.9431447951796095,-3.5967470347713286,-0.0
9.598283,0.7309538325754437,1.3724716766651248,-3.819807408624049,-0.0
9.623289,0.7657749865999296,0.7832969460065979,-3.9617102592227926,-0.0
9.648292,0.7833031073555321,0.19660654528744526,-4.0218810253760005,-0.0
9.673297,0.7910255268502856,-0.42205919541851844,-3.998284222941935,-0.0
9.698301,0.7780164410821958,-1.03101321459516,-3.8891419194515207,-0.0
9.723307,0.7525259263083589,-1.6483384511981636,-3.6942895877415505,-0.0
9.748312,0.7006983315814096,-2.189634922189963,-3.4187290224938596,-0.0
9.773315,0.644428614147465,-2.720302117186485,-3.068698074795218,-0.0
9.798319,0.5735004399349816,-3.227161227293692,-2.645763027143805,-0.0
9.823322,0.4835376510816526,-3.659645620125268,-2.1564920149463216,-0.0
9.84833,0.4078703898860593,-4.203075387850883,-1.5959417716444237,-0.0
9.873334,0.232933916258747,-4.212105293558713,-0.997191743570319,-0.0
9.898337,0.1531654278993652,-4.399339475366084,-0.3874925632026347,-0.0
9.923341,0.029838336482748463,-4.4716719729775996,0.24094148546407546,-0.0
9.948348,-0.06881328292384951,-4.625647081505146,0.8879166136343031,-0.0
9.973355,-0.23446912391856717,-4.385933515254727,1.530100341160617,-0.0
9.998361,-0.3881715927241348,-3.7958531108066706,2.108212810086261,-0.0
10.023366,-0.4603884030224313,-3.355888095784926,2.608116678929848,-0.0
10.048374,-0.5557990593038595,-2.8106093083243824,3.0357856171896778,-0.0
10.073378,-0.6259208414000736,-2.248258039873071,3.382957578671408,-0.0
10.09838,-0.6862095619104389,-1.6384348564888986,3.6458695978027373,-0.0
10.123385,-0.7236076250802099,-1.0400071816063106,3.822786636206776,-0.0
10.148391,-0.7434992363279149,-0.47386691531505143,3.9182614772387074,-0.0
10.173392,-0.7537011218317007,0.09155680207091277,3.935609257140707,-0.0
10.198396,-0.7511248332204127,0.6644533479780463,3.8745020638764576,-0.0
10.2234,-0.7380136916623561,1.2710329506080376,3.7314215634508674,-0.0
10.248406,-0.7015734902782949,1.8476426465960736,3.50563373482526,-0.0
10.27341,-0.6533277321262712,2.4111727996502377,3.1999561433202097,-0.0
10.298414,-0.5867349079468972,2.92692075602014,2.818351411740252,-0.0
10.323421,-0.5024579276039154,3.3561268503632817,2.3705756335712946,-0.0
10.348425,-0.4205751113148662,3.7943997859833805,1.8613551163687045,-0.0
10.373429,-0.32190730001276185,4.195275732555183,1.2910580832773233,-0.0
10.398435,-0.19345714947359596,4.407742010393175,0.6762428941155392,-0.0
10.423436,-0.05658476402310796,4.405907746050044,0.04798002864173867,-0.0
10.44844,0.07121937936025084,4.255589035366618,-0.5661054387391182,-0.0
10.473443,0.19096373006826917,3.9879646422353785,-1.1464642514605483,-0.0
10.498447,0.29710564763526387,3.654357253620759,-1.6803178743868994,-0.0
10.523451,0.4029181320514606,3.194683888115267,-2.153991331390788,-0.0
10.548458,0.463969985934359,2.8587435366787783,-2.569386466228842,-0.0
10.573462,0.5491293115132116,2.4034370672085226,-2.9287166109872524,-0.0
10.598466,0.6015667271068371,1.9893175702654964,-3.227083113260253,-0.0
10.623472,0.6513916588079591,1.5592499171553218,-3.4679560725617424,-0.0
10.648476,0.7037477481096275,1.0146098663195793,-3.6415881379826684,-0.0
10.67348,0.7316442938918896,0.43801201702717973,-3.7366392355026066,-0.0
10.698487,0.7467324253771362,-0.18076902786259197,-3.747494191300972,-0.0
10.723494,0.7597630612361916,-0.9400962459531303,-3.659156383106957,-0.0
10.748498,0.7186438909571258,-1.5736189133724865,-3.4702369885186166,-0.0
10.773503,0.6724983473116269,-2.159332404827314,-3.194617026513569,-0.0
10.798509,0.6217984662011236,-2.7699620543829586,-2.833236476968619,-0.0
10.823509,0.5404221735542225,-3.2869408643653677,-2.390494027237377,-0.0
10.848513,0.4380813382252969,-3.646874917711497,-1.8855936346656001,-0.0
10.87352,0.31613150341136975,-3.7674589226898867,-1.349573904178179,-0.0
10.898528,0.15549956953668181,-3.3793242288044074,-0.8425653511371518,-0.0
10.923532,0.12364190038310446,-3.3744763223921437,-0.37284345078812287,-0.0
10.948538,0.05787087469463242,-3.497665429235396,0.10420480795384357,-0.0
10.973546,-0.06178449902824871,-3.3668047144786812,0.5800553135955138,-0.0
10.99855,-0.13422406104329676,-3.310183151248504,1.0417166386548242,-0.0
11.023557,-0.14396699413354358,-3.7863742622957948,1.541692040480053,-0.0
11.04856,-0.3257433296398493,-3.5930527435232724,2.070598354935454,-0.0
11.073564,-0.4479296601284143,-3.1386780170577273,2.5530824084433803,-0.0
11.098568,-0.536319800150097,-2.5915002391195783,2.9617806569438017,-0.0
11.123575,-0.6115735146027277,-1.9484076783336342,3.2828315218229065,-0.0
11.148579,-0.6694401687210444,-1.22073845045227,3.502722628312127,-0.0
11.173583,-0.6828728272644107,-0.6072808234719522,3.6250472627934296,-0.0
11.198589,-0.6970985112033161,0.010622281720308102,3.659658267292617,-0.0
11.223594,-0.7031761428272578,0.6854894393879996,3.601768205638334,-0.0
11.248598,-0.6795414031897423,1.3185483546612682,3.450066532600933,-0.0
11.273604,-0.6287700604478642,1.8222512787921827,3.218371058912045,-0.0
11.298608,-0.57510495807915,2.26668378810895,2.921592177917445,-0.0
11.323613,-0.5147298283136413,2.6824515551232824,2.5659532989234073,-0.0
11.348619,-0.4319999722507819,2.9775564267092403,2.1625324866870583,-0.0
11.373623,-0.3714399321779788,3.3712761172456993,1.7115866189910331,-0.0
11.398627,-0.2816678850685759,3.7161502463402263,1.2071936364754974,-0.0
11.423634,-0.16226246178202156,3.8521414580353013,0.6688285671765932,-0.0
11.448634,-0.0646597098938477,3.9660124499622733,0.11355898930171016,-0.0
11.473641,0.042224076443467956,4.007803776214632,-0.45304578223493586,-0.0
11.498649,0.14478351929008026,4.016142325772457,-1.0245314551078462,-0.0
11.523655,0.2658748792273619,3.852237214660163,-1.5861362253395956,-0.0
11.54866,0.39636669451612033,3.4138770383006447,-2.1030181997819035,-0.0
11.573664,0.49210987758495195,2.879326025400095,-2.546555253037182,-0.0
11.59867,0.5801525421644284,2.207002988738242,-2.899262029897171,-0.0
11.623674,0.6402371812956653,1.4820059709542952,-3.1469355207263376,-0.0
11.648678,0.6373133852651539,1.042867696193948,-3.310243469935947,-0.0
11.673685,0.659829049498584,0.6184243843610802,-3.4150697952467195,-0.0
11.698689,0.6794963503627178,0.1517664002331398,-3.459680611182312,-0.0
11.723693,0.6882328444471255,-0.36115952280744223,-3.4370183455831618,-0.0
11.748697,0.7036941976463725,-1.065062537395475,-3.327371863875456,-0.0
11.773704,0.6484454190108307,-1.5593524913756962,-3.1320178299652075,-0.0
11.798708,0.6016830813615753,-1.9975874132046765,-2.872445455735262,-0.0
11.823714,0.5505961449968361,-2.427199551575578,-2.55309438784749,-0.0
11.848718,0.4963538762818787,-2.902741163855254,-2.1696534482757244,-0.0
11.873723,0.4154622191025511,-3.3110227971526602,-1.7224368212508905,-0.0
11.898729,0.31048188735648546,-3.5453119301349725,-1.229806875687446,-0.0
11.923729,0.19059695708744712,-3.535483024488145,-0.7246268340470507,-0.0
11.948733,0.09032328604682895,-3.4251836982767006,-0.2335167093253716,-0.0
11.973737,0.01616913223691388,-3.3887255696622014,0.2433786708742538,-0.0
11.998744,-0.051031698366737814,-3.4706358584851404,0.7240796388978215,-0.0
12.023748,-0.15875158241243836,-3.3813486742878545,1.2061790509474335,-0.0
12.048752,-0.24959779340627913,-3.229448562846126,1.6722092023812944,-0.0
12.073758,-0.3702722823467473,-2.762246987685491,2.092671474326826,-0.0
12.098762,-0.44688308195818005,-2.2226692878022867,2.437125974853541,-0.0
12.123767,-0.5023957169344505,-1.668904456433363,2.6999554507976224,-0.0
12.148773,-0.5164275435016464,-1.3095808156537632,2.8974341566122037,-0.0
12.17378,-0.5759595841727242,-0.737572258214211,3.0290004836581215,-0.0
12.198785,-0.5707158910653839,-0.33259715338780094,3.0915373305541087,-0.0
12.223789,-0.5870862773294019,0.14158836160939892,3.09359482555435,-0.0
12.248797,-0.5553869627867656,0.4119911065122046,3.046513991660859,-0.0
12.273802,-0.5674555697681299,0.8559372733624568,2.952719368938167,-0.0
12.298808,-0.5416683709643324,1.2714427606180543,2.799834307039588,-0.0
12.323813,-0.5204464465688887,1.7686896708239987,2.5829069295298814,-0.0
12.348819,-0.4684478326924359,2.208009906218721,2.299184660087779,-0.0
12.373826,-0.41958999189025764,2.6928697897556346,1.9486574563841894,-0.0
12.39883,-0.3426658468376381,3.1012142434491694,1.5325853221619044,-0.0
12.423837,-0.2505877102633083,3.3933151061343425,1.065425559870686,-0.0
12.448845,-0.1649128696276524,3.669488522396335,0.5563473022251237,-0.0
12.473848,-0.04382327598467805,3.7137801033586877,0.02395606705312403,-0.0
12.498849,0.07625770848933738,3.5402148002641667,-0.49646248020368944,-0.0
12.523852,0.1810973141237578,3.2296074299913684,-0.9775441359284276,-0.0
12.548859,0.24847297089112338,3.004442899128164,-1.417075511733617,-0.0
12.57386,0.34095659375014103,2.6343910273780287,-1.812021614047877,-0.0
12.598867,0.3917433306401673,2.362863968074788,-2.16025766073518,-0.0
12.623868,0.4563209997334611,2.036012253183758,-2.4669273479022307,-0.0
12.648875,0.5194368476309786,1.6039128809884562,-2.720021376282766,-0.0
12.673878,0.5658518637247654,1.1115752655221807,-2.906923323582588,-0.0
12.698885,0.5949769721340504,0.597614744131352,-3.0217315230382273,-0.0
12.723889,0.6146490778512579,0.038177713511268196,-3.059485906213478,-0.0
12.748889,0.6072288918403085,-0.4665968722767828,-3.0212688412236304,-0.0
12.773892,0.5867657471008232,-0.9114817186283577,-2.9166188037946306,-0.0
12.798897,0.5596356901667101,-1.3279059916290346,-2.752596017540003,-0.0
12.823904,0.5292496560688666,-1.7675717543438252,-2.5290761424216024,-0.0
12.848909,0.47739782250491003,-2.1499110113219775,-2.2480913710574097,-0.0
12.873911,0.4241795093600155,-2.5341792567443244,-1.9132053790281072,-0.0
12.898915,0.356248446162098,-2.879928068923405,-1.5261839725369013,-0.0
12.923922,0.28053382850518555,-3.191351917217485,-1.0915914335973795,-0.0
12.948926,0.15671244295416986,-3.164005233710601,-0.6387882942869201,-0.0
12.973929,0.09349270342397503,-3.245452755809504,-0.1850798499435511,-0.0
12.998933,-0.005100228412976582,-3.184744901941611,0.2686416816594299,-0.0
13.023936,-0.09240425088535946,-3.0540615750785403,0.7065987843113763,-0.0
13.048941,-0.11987246004119209,-3.2767623078391024,1.1542476731769478,-0.0
13.073943,-0.2583208706028851,-3.0614787959432945,1.606385661169364,-0.0
13.098951,-0.36560166308801856,-2.6003274054862646,2.0079363086743705,-0.0
13.123955,-0.43526006120550015,-2.089259527426174,2.3360439691310253,-0.0
13.148955,-0.48071824081120795,-1.615025916049157,2.591137236103515,-0.0
13.173958,-0.5099142209831381,-1.2119401792557924,2.7834217498262,-0.0
13.198966,-0.538581430813497,-0.8096102963683653,2.919816112477127,-0.0
13.223969,-0.5778977655394155,-0.2539671962082217,2.9882997739805517,-0.0
13.248977,-0.5766831846380936,0.2537198415495461,2.980525261797144,-0.0
13.27398,-0.5679893939962514,0.7505322614469648,2.9015180580129583,-0.0
13.298991,-0.5442001337329457,1.2143916764929403,2.754747401950793,-0.0
13.323997,-0.5109336821549338,1.6590857566396768,2.544083773594199,-0.0
13.349006,-0.45498251497651443,1.9957726930472985,2.279373948857922,-0.0
13.374014,-0.4000137701272606,2.292888061757586,1.9719186832855486,-0.0
13.399018,-0.34114365297792526,2.5750371135820322,1.6250693006666728,-0.0
13.424027,-0.2954860031221233,2.9922797299629718,1.2274608371802067,-0.0
13.449032,-0.20532333402342415,3.2869853930978197,0.7764988120683931,-0.0
13.474037,-0.08820831752049361,3.3099442864389483,0.30325214438919623,-0.0
13.499045,-0.011155953392143824,3.364054533925164,-0.1741661442307869,-0.0
13.524044,0.08048965893708974,3.3488530220130417,-0.6545560348092261,-0.0
13.54905,0.18680232233715222,3.1503684734130686,-1.118875148803781,-0.0
13.574058,0.2834627726679315,2.803093513695398,-1.5414351976230503,-0.0
13.599066,0.3633663149330255,2.367648931138163,-1.9043482366616225,-0.0
13.62407,0.41342998755745297,1.9867874888924795,-2.20645146888853,-0.0
13.649072,0.4611562291458002,1.6075272954119202,-2.453807243009167,-0.0
13.674076,0.5022858707723576,1.209084632993989,-2.6460945962134135,-0.0
13.699077,0.5368061098769596,0.7673167970561954,-2.7790228086922917,-0.0
13.724083,0.5545201291643033,0.3266382716983607,-2.8497512493157418,-0.0
13.749084,0.5667237101458915,-0.15277604001263145,-2.8555685734953893,-0.0
13.774088,0.5575492733171805,-0.5988597795372171,-2.79618390773332,-0.0
13.799091,0.5492270571651082,-1.0997578631274916,-2.6696967262991405,-0.0
13.824098,0.5067686765330935,-1.491442221252766,-2.480250488019209,-0.0
13.849099,0.4836511221396579,-1.9901927731917644,-2.227366742595742,-0.0
13.874105,0.4097451543869274,-2.3065694556352168,-1.9163965544497867,-0.0
13.899107,0.34293725901216887,-2.550831555932094,-1.567359605481867,-0.0
13.92411,0.2717107142099905,-2.7338307131256654,-1.1899899107654361,-0.0
13.949114,0.21633907346807152,-3.0070713926226365,-0.7803629899581219,-0.0
13.97412,0.10104534737772557,-2.9708456936657788,-0.355097676450427,-0.0
13.999124,0.02356288049706596,-2.9003743661267785,0.058920059671624614,-0.0
14.024127,-0.040756488970987124,-2.880430095326273,0.46479216708919946,-0.0
14.049128,-0.10748963765692393,-2.8884418129527973,0.8707601443903705,-0.0
14.074135,-0.19430768294325174,-2.7744247911343036,1.2706790005776911,-0.0
14.099139,-0.26640557183895397,-2.6265711450387044,1.6532455225749594,-0.0
14.124142,-0.36816443565391865,-2.1944311820812046,1.99359566269818,-0.0
14.149146,-0.4199857318216493,-1.7716226180148436,2.270336299483298,-0.0
14.17415,-0.4703991091049824,-1.2904720370146097,2.480669863590582,-0.0
14.199151,-0.4990937796511065,-0.8248331303365266,2.622042959042252,-0.0
14.224158,-0.5238857739931831,-0.3181609379949366,2.6930619631114743,-0.0
14.249165,-0.526342686076436,0.15542547625070813,2.6935069138326493,-0.0
14.274171,-0.5155097524279618,0.5832339829630797,2.6300939351875,-0.0
14.299172,-0.48501532737033404,0.8962649301296013,2.5160624284199464,-0.0
14.324176,-0.4667857908462809,1.2435227570675642,2.3577511585578996,-0.0
14.349179,-0.4392443429248106,1.618760892355068,2.1494131656732174,-0.0
14.374183,-0.4011017978722744,2.0110490313848306,1.8865357087516377,-0.0
14.399187,-0.3370177082642826,2.297434952012125,1.5755376909735586,-0.0
14.424187,-0.26907732166484893,2.500710165031325,1.2309654102764247,-0.0
14.449194,-0.20674579754838807,2.6993290551887132,0.8587638565857016,-0.0
14.474198,-0.13173028028855213,2.833856158048221,0.4631668700498732,-0.0
14.499201,-0.04718518820185852,2.856548243267946,0.057227539987627196,-0.0
14.524208,0.022473393181764903,2.8820182865462183,-0.35163987393634244,-0.0
14.549209,0.12280189223200409,2.684139987567462,-0.7467623462068893,-0.0
14.574212,0.17934053731157387,2.5534791309482205,-1.1168106044492863,-0.0
14.599215,0.23691303147818132,2.4575829414914,-1.4718692122902484,-0.0
14.624217,0.3258399551224773,2.1430434838133703,-1.798134068815867,-0.0
14.649228,0.387004976160834,1.7589929062694045,-2.0730263214369735,-0.0
14.674234,0.4310276093264924,1.3626407282230084,-2.290983626210937,-0.0
14.699235,0.4711243331013518,0.9101099304404983,-2.4473285854694726,-0.0
14.724238,0.49679839825004435,0.4259368510041026,-2.5355265552399553,-0.0
14.749244,0.5073946637852096,-0.06603411206854748,-2.5528018821999057,-0.0
14.774247,0.5012185672277962,-0.5304829626183556,-2.5010165529698507,-0.0
14.799247,0.4810394127636105,-0.9475768791700729,-2.3863342255433344,-0.0
14.824257,0.4429261025799665,-1.2591601756968775,-2.2211385893879347,-0.0
14.849263,0.39349857080105527,-1.4371277073356654,-2.024760837851009,-0.0
14.874269,0.3806518717084967,-1.7877313139638327,-1.7931992785250952,-0.0
14.899275,0.3311861628545392,-2.100744678266014,-1.5143175335626853,-0.0
14.924275,0.27812648861311473,-2.4060063235024396,-1.1908295377333644,-0.0
14.949282,0.2010727000805444,-2.578971097690114,-0.8331447576649449,-0.0
14.974286,0.13618685583202714,-2.7415310059205398,-0.45172965638543605,-0.0
14.99929,0.0573320625542256,-2.817944165623372,-0.05308698786600896,-0.0
15.024296,-0.04817046080204282,-2.62143525000648,0.3345043436824344,-0.0
15.0493,-0.10894149140034931,-2.449834195424763,0.6920264580447837,-0.0
15.074304,-0.15264108572868754,-2.3988726836232592,1.0331501302788189,-0.0
15.099308,-0.19912896560632834,-2.4377226813219375,1.3768543720861248,-0.0
15.124315,-0.2954260359722255,-2.1994786200004626,1.7089678167273847,-0.0
15.149319,-0.38345522460121423,-1.7010104487153455,1.9861508144245112,-0.0
15.174326,-0.4306631625679557,-1.155656580176203,2.1840961330619146,-0.0
15.19933,-0.4502637997234124,-0.6697327177695354,2.304836898628171,-0.0
15.224334,-0.4613711932589485,-0.21755546321327568,2.3567954939867417,-0.0
15.24934,-0.4595213653215954,0.18683258124545543,2.347121183965207,-0.0
15.274344,-0.43748422501013173,0.4662868129447679,2.2902856077888267,-0.0
15.299348,-0.4055499323135601,0.597644069838715,2.2088872835746978,-0.0
15.324356,-0.41767519869522285,0.9349149029461852,2.0978238901646686,-0.0
15.349361,-0.40164450400706997,1.3292253846371205,1.9347973467482762,-0.0
15.374361,-0.3518249724634003,1.5994857229542987,1.724817779677148,-0.0
15.399366,-0.30982651923363613,1.8532534616807006,1.4788129892866806,-0.0
15.42437,-0.26725796691505804,2.132296318725103,1.1951029444258183,-0.0
15.449374,-0.20297702665314843,2.3245264912277013,0.8777101900082345,-0.0
15.474381,-0.14624252810783472,2.520912964749646,0.5322674397900089,-0.0
15.499381,-0.07088385508356566,2.61713368399255,0.16539096402534526,-0.0
15.524388,0.0015885341736708771,2.651443831127318,-0.21090413659315033,-0.0
15.549392,0.0859866869589139,2.5397706721303317,-0.5808514498667412,-0.0
15.574396,0.140904282325371,2.4814494885787766,-0.9382895468356072,-0.0
15.599403,0.22111852907593024,2.275442453239993,-1.2768759861783225,-0.0
15.624407,0.277660296885895,2.0602767658817998,-1.5849974515230496,-0.0
15.649414,0.3467279208878269,1.7018256688240931,-1.851304475897873,-0.0
15.674418,0.3968359349446839,1.2754930381183487,-2.0594070157589712,-0.0
15.699422,0.42973432964986386,0.8314022118213509,-2.2031603358375342,-0.0
15.724428,0.4462186620845716,0.41069290522647917,-2.28376474690753,-0.0
15.749432,0.4545116745986282,-0.0026275356258591565,-2.304249449152554,-0.0
15.774437,0.45035970082884774,-0.3912228066019726,-2.2674990805903446,-0.0
15.799443,0.44016757059689926,-0.7810683464115987,-2.1754346950321293,-0.0
15.824443,0.40288187342203063,-1.0405005271826275,-2.0385444730008704,-0.0
15.849451,0.37748054714690515,-1.3057272000737348,-1.866729833336904,-0.0
15.874458,0.35295165250160304,-1.631674225032114,-1.6538094421051581,-0.0
15.899461,0.3063025882275516,-1.9120605775159274,-1.397720435856193,-0.0
15.924466,0.24675461999463907,-2.1010337136118884,-1.108893683982961,-0.0
15.949468,0.18705238994275886,-2.2313277027360567,-0.798694588469175,-0.0
15.974473,0.13297792729583463,-2.3682587224874196,-0.4702107528865733,-0.0
15.999477,0.058595759706821904,-2.3840380256020186,-0.13164973628596943,-0.0
16.02448,-0.003123421651440682,-2.3754834990249134,0.2062607813969075,-0.0
16.049484,-0.08594234581526417,-2.182080246925361,0.527508305197939,-0.0
16.07449,-0.1431035704896595,-1.9595801941305955,0.8156476792787748,-0.0
16.099498,-0.17739568455800175,-1.8378754060653915,1.0779174662965252,-0.0
16.124503,-0.22404277554199412,-1.7016120535968509,1.3226442128511255,-0.0
16.149509,-0.22021019212769552,-1.9034785433355887,1.5778284019959508,-0.0
16.174513,-0.3258888042347765,-1.6596465139134833,1.8355521998817865,-0.0
16.199517,-0.38712638793885673,-1.2568722674965602,2.046530680444995,-0.0
16.224524,-0.4236392711760914,-0.8057215213569375,2.1944743052174345,-0.0
16.249528,-0.43464068562316915,-0.4141529812944271,2.281062964045816,-0.0
16.274532,-0.4477781099711405,0.005830062216714893,2.3093801118526396,-0.0
16.299534,-0.48686583060496874,0.7259695314177632,2.2523027601872783,-0.0
16.324535,-0.43426813277567916,1.1916718231140808,2.105963762124805,-0.0
16.349539,-0.3836251327255362,1.5022136911265898,1.9040495336639511,-0.0
16.374546,-0.34398712471085346,1.796361420060292,1.6601219103797833,-0.0
16.39955,-0.2925336774142755,2.0390168611959885,1.3789066390719502,-0.0
16.424554,-0.23645965860827056,2.239395540869485,1.0671198827525776,-0.0
16.44956,-0.16970577848080315,2.3534799333253056,0.7342347944345464,-0.0
16.474564,-0.09161331910461964,2.3163449599538426,0.3986893253610182,-0.0
16.499568,-0.035645993523782976,2.286010305205837,0.07111945886474036,-0.0
16.524575,0.026415577926823353,2.210553799925875,-0.24666313159359898,-0.0
16.549579,0.0925949893437398,2.0444855656660064,-0.5446977398306343,-0.0
16.574583,0.11703095458161733,2.06936712668498,-0.8326212956834387,-0.0
16.599587,0.18827503740549847,1.9386175173480127,-1.1145940546787774,-0.0
16.624593,0.24631134202678898,1.7262342017182897,-1.3720432148912378,-0.0
16.649601,0.2773059108486334,1.595133963659793,-1.6060618250395993,-0.0
16.674605,0.3382961571794266,1.2959947983828666,-1.8104476928796127,-0.0
16.699611,0.3723484862551905,0.9749628233720034,-1.9702961631766978,-0.0
16.724616,0.3970619782969729,0.6426592765937511,-2.083603217880703,-0.0
16.74962,0.41201314747562523,0.31092776499996466,-2.1500461333756737,-0.0
16.774626,0.4168487117942158,-0.005515532681298452,-2.1713196497301896,-0.0
16.79963,0.4217207603809174,-0.3651167473204454,-2.14528538267543,-0.0
16.824634,0.4281413525826863,-0.8455715327793616,-2.0582752204147026,-0.0
16.849638,0.4156725360261606,-1.3935412566550651,-1.8943674175787246,-0.0
16.874645,0.3571634414241314,-1.764260052702084,-1.6621783137540846,-0.0
16.899645,0.29613552135979737,-2.006014845299735,-1.3863841733063151,-0.0
16.924649,0.2375738254561946,-2.1808217228745885,-1.0822429004886898,-0.0
16.949655,0.18211864851992285,-2.3432751168997408,-0.7551518575805769,-0.0
16.97466,0.10663877042342347,-2.372372911580589,-0.41593184640760583,-0.0
16.999664,0.04553115970672571,-2.3801847466027763,-0.07607454890758447,-0.0
17.02467,-0.012088833958842287,-2.3935016130291187,0.26451865922668016,-0.0
17.049674,-0.06897791162926001,-2.4194800753076797,0.6087762730420163,-0.0
17.074679,-0.14290712633951114,-2.3343746760498405,0.9499268951797744,-0.0
17.099685,-0.2399709979391757,-1.948139453531478,1.2550690194333232,-0.0
17.124693,-0.2788816282875868,-1.6244897628772719,1.5056822394315708,-0.0
17.1497,-0.3455758473295971,-1.0953676538512904,1.6910237472551781,-0.0
17.174707,-0.3306642849540013,-0.8745182374744286,1.820561318054415,-0.0
17.199711,-0.3622642122935179,-0.57308461882037,1.9139110143618474,-0.0
17.224715,-0.3760996028928922,-0.2684538152389593,1.9645595730735885,-0.0
17.249721,-0.3731239179791734,-0.030530758817320924,1.9780954776929771,-0.0
17.274722,-0.37202044649145205,0.1983700813191706,1.9609587438929479,-0.0
17.299726,-0.38176791149038086,0.5416280762868182,1.9043700165611508,-0.0
17.324733,-0.3654446239661,0.8670015407523906,1.8001420661968235,-0.0
17.349737,-0.33752947422075447,1.1471009551049292,1.6531999083502744,-0.0
17.374743,-0.30429858283773714,1.3931212179568655,1.4696292034843181,-0.0
17.399748,-0.25950736448740985,1.56314043291141,1.257909361303946,-0.0
17.424752,-0.2198864042905348,1.7265450728256146,1.0240978860815142,-0.0
17.449755,-0.18407892681661003,1.9414139443259775,0.7635329698188049,-0.0
17.474759,-0.12722433764928326,2.0889570722731574,0.47650696241935986,-0.0
17.499766,-0.07196573417505599,2.2074299322672735,0.16990808728171203,-0.0
17.524773,0.00010691995708864664,2.1917909995101477,-0.1439095346045054,-0.0
17.549776,0.06751613925959951,2.073149341693706,-0.44649072798233913,-0.0
17.574781,0.10453688680893211,2.056619807710105,-0.7390437224918189,-0.0
17.599785,0.1689693904962888,1.9332271322129901,-1.0224110277659682,-0.0
17.624792,0.22747149345532686,1.7238811329225747,-1.2817338568243866,-0.0
17.649796,0.2876386147446298,1.3768986362898235,-1.4995216090777443,-0.0
17.674804,0.31449023287604905,1.077532438615895,-1.6692703810350218,-0.0
17.699813,0.34436382921672526,0.7478825972074268,-1.7932298210912117,-0.0
17.724823,0.3615958594116482,0.4218253457872816,-1.869788256472745,-0.0
17.74983,0.36648842716789926,0.13179651477920884,-1.9026623333312898,-0.0
17.774834,0.3670329353301469,-0.14290694717743235,-1.8963562559880227,-0.0
17.799834,0.3645731614506962,-0.4302108195346809,-1.8511522216313618,-0.0
17.824838,0.3702335360362855,-0.843692020327693,-1.7553862217334189,-0.0
17.849841,0.34613367228164554,-1.2362363094033357,-1.6000009809481224,-0.0
17.874844,0.29278740322724955,-1.4602945560227778,-1.4002483586941148,-0.0
17.899849,0.25096262869034913,-1.6425958613486462,-1.1728976810897058,-0.0
17.924852,0.19955335005316877,-1.744219152817473,-0.927256258583518,-0.0
17.949859,0.16258108801312263,-1.8913640869812527,-0.6652677274327248,-0.0
17.974863,0.11730928709669368,-2.0483575162312055,-0.3812649829551056,-0.0
17.99987,0.05739545452470486,-2.133641351032939,-0.07926365004234093,-0.0
18.024874,-0.02123623711701771,-2.021741054096431,0.21956305950857846,-0.0
18.049882,-0.07345167223987567,-1.8890700250944215,0.49831475515319745,-0.0
18.074885,-0.11760781359954892,-1.771039324903068,0.7576825527582072,-0.0
18.099893,-0.15608011575387631,-1.6880257315997325,1.0029212588710648,-0.0
18.124896,-0.2094618027767974,-1.5125216858329225,1.230294543315205,-0.0
18.149903,-0.2731471186750809,-1.1343560565974093,1.4162066013361754,-0.0
18.174909,-0.29040016410462677,-0.8313235418131464,1.5508972076847387,-0.0
18.19991,-0.29955346312429076,-0.6083546806820905,1.6479575178765105,-0.0
18.224911,-0.3331019145237444,-0.24157590991332167,1.7025611532544462,-0.0
18.249915,-0.33132041967980247,0.071964051986521,1.7074812535585413,-0.0
18.274922,-0.3245125435439665,0.3520713554971182,1.6700593017634406,-0.0
18.299926,-0.28761122353907387,0.4245031004533325,1.6103061870857642,-0.0
18.324926,-0.3026248713234339,0.6912178745388748,1.5291350155245047,-0.0
18.349933,-0.28823442162020674,0.9810520871234112,1.4081482091419546,-0.0
18.374936,-0.26369548553847616,1.2709359057993694,1.244995762170793,-0.0
18.399943,-0.22506052308554572,1.508065303677742,1.0434755750823261,-0.0
18.424947,-0.1822544398269516,1.7041490748935113,0.810640244822074,-0.0
18.449955,-0.13158015019847188,1.8356044724721898,0.5543862099605019,-0.0
18.474962,-0.05789284325942755,1.7533822990578853,0.2968721209546219,-0.0
18.499962,-0.01487985563487406,1.6713522411281185,0.05480729925796002,-0.0
18.524966,0.014805548930673176,1.673862651910194,-0.17990379459393768,-0.0
18.549969,0.05490139219550123,1.6829938380241405,-0.4158446118161221,-0.0
18.574973,0.10026880638653228,1.6603634306845803,-0.6519007018484073,-0.0
18.599977,0.15024370072888996,1.566646787364748,-0.8804892896340997,-0.0
18.62498,0.20103894951485501,1.377799734311277,-1.088735207714608,-0.0
18.64998,0.23375218979573056,1.1940049998833522,-1.2700459386217333,-0.0
18.674984,0.2719771843700855,0.9397877122813991,-1.419788174468736,-0.0
18.699985,0.2948165776013705,0.683298731345511,-1.5325969787694382,-0.0
18.724996,0.30481530339934254,0.47341012237155244,-1.6127100908082221,-0.0
18.750003,0.3394827541579789,0.08656346813403393,-1.6496732226730406,-0.0
18.77501,0.32725977701271997,-0.19724760248040807,-1.6375739863598808,-0.0
18.800011,0.32252339306297584,-0.4860211124971215,-1.5846312414261972,-0.0
18.825018,0.30932372291563576,-0.7692523847639217,-1.490757953639732,-0.0
18.850023,0.2893558518698495,-1.0480054774409782,-1.356483137048078,-0.0
18.875034,0.25381323387475374,-1.256421078666171,-1.1875624815297283,-0.0
18.90004,0.22389116989951674,-1.4743877566418737,-0.9884272444467816,-0.0
18.925039,0.17727450031463599,-1.6163740889975826,-0.7638436572816061,-0.0
18.950045,0.1276656906007051,-1.6853792004528823,-0.5253350996776676,-0.0
18.975049,0.08057422848248642,-1.7122850915066665,-0.2815215547099692,-0.0
19.00005,0.03552873763531607,-1.7167610887538716,-0.03677329005064678,-0.0
19.025058,-0.015160731151808778,-1.6567488197903846,0.20268793976554544,-0.0
19.050066,-0.06425547720106048,-1.5325356709290685,0.4271528081528837,-0.0
19.075069,-0.09813214790003601,-1.4347703340280096,0.6344425750594911,-0.0
19.100069,-0.13318771032874224,-1.3362557128039558,0.8275955587553909,-0.0
19.125072,-0.16846381464723664,-1.216794244366099,1.0056381005183326,-0.0
19.150073,-0.2017773520037282,-1.0686879442159578,1.165212666519317,-0.0
19.175076,-0.2315568953217223,-0.8907799786375326,1.3021544711381883,-0.0
19.200084,-0.25957784014932583,-0.6631840901874213,1.4104608374322234,-0.0
19.225087,-0.2820013416203953,-0.3856988082342653,1.4823496028387726,-0.0
19.250088,-0.2941992279512936,-0.08374825664844865,1.512003703923626,-0.0
19.275091,-0.29723779103147874,0.2295719297051385,1.496650212355507,-0.0
19.300098,-0.28297673650298416,0.48211029804706423,1.4404337249578072,-0.0
19.325102,-0.25782966467098895,0.6384113329721937,1.356281256996139,-0.0
19.350106,-0.2524836575650871,0.8752520319503663,1.2452080138023778,-0.0
19.375113,-0.22625459622340724,1.0795315127468594,1.1028123862677677,-0.0
19.400114,-0.1930482433582859,1.236090214137314,0.9352525987009637,-0.0
19.42512,-0.16066783071397628,1.379412162818762,0.7469600946087236,-0.0
19.450121,-0.12869271504701627,1.5384124802508938,0.5369912084471897,-0.0
19.475128,-0.08009925456982359,1.6172783121884258,0.3098850142066265,-0.0
19.500136,-0.048276723330236554,1.7555126221856492,0.06646150144338225,-0.0
19.525139,0.014422320567797938,1.7466073483364568,-0.18694903033326593,-0.0
19.550146,0.0729943486639785,1.618984136937004,-0.42924069706365486,-0.0
19.575154,0.12394612149700396,1.405570218071411,-0.644414143930419,-0.0
19.600157,0.1473634945443178,1.272945537680433,-0.8330046085110476,-0.0
19.62516,0.1856648621334041,1.0849471951911918,-0.9979686123684859,-0.0
19.650165,0.21238750692688776,0.8933590657104835,-1.135131477332541,-0.0
19.675165,0.23235373991942185,0.7133197720292112,-1.2457845644418268,-0.0
19.700168,0.24853330835803367,0.5399023444228448,-1.3319566276363553,-0.0
19.725172,0.2699474955259057,0.30181326941601605,-1.3892230056323742,-0.0
19.750175,0.2771494638991699,0.061578743540386394,-1.4123178616751133,-0.0
19.775179,0.2789312374587262,-0.18436002351918424,-1.4007546940710718,-0.0
19.800183,0.2729670535304879,-0.4231054759051702,-1.3546814980398674,-0.0
19.825186,0.2649619226632535,-0.6830942498861969,-1.2728083360010085,-0.0
19.850187,0.23445644402939272,-0.8432848737907618,-1.161410745683865,-0.0
19.87519,0.21752720388163352,-1.034425199899686,-1.0258200520388292,-0.0
19.900194,0.19360648430315416,-1.2389831584146789,-0.8618276744162607,-0.0
19.925197,0.16114167849281896,-1.430130921020619,-0.6688097218714635,-0.0
19.950201,0.104884655800784,-1.4641640493782544,-0.4602240592163378,-0.0
19.975209,0.06298091905134523,-1.4541536533764372,-0.2519867951102004,-0.0
20.000212,0.03659556541364509,-1.5140547093455858,-0.04107656922016156,-0.0
20.025216,0.0053149098649974864,-1.6178336477520459,0.18285455082993884,-0.0
20.05022,-0.06050805687264078,-1.5251843219431214,0.40800746351215267,-0.0
20.075227,-0.1055519325302254,-1.3739375866958121,0.6140789746729851,-0.0
20.100231,-0.14169910446728237,-1.2024477722995002,0.7954007169404806,-0.0
20.125235,-0.17094348259898987,-1.0305343379816807,0.951057609522798,-0.0
20.150238,-0.19782191576700414,-0.844017389907909,1.080499325837097,-0.0
20.175241,-0.21915634948530702,-0.6498766972635217,1.1824680078061527,-0.0
20.200242,-0.22686411853076488,-0.5143384509588367,1.2616903945263012,-0.0
20.225243,-0.2458249890094441,-0.32806709636117104,1.319198773764623,-0.0
20.250248,-0.257690066304392,-0.10977461615148199,1.3483861740900343,-0.0
20.275257,-0.26679054266510205,0.16005295797500396,1.3424747420162784,-0.0
20.300263,-0.2757133200843845,0.5297160888848413,1.2889073724323867,-0.0
20.325269,-0.24013382660327018,0.733578198338496,1.1930536564942145,-0.0
20.350275,-0.22116554628178067,0.9330284175037274,1.0687773655808104,-0.0
20.375275,-0.19124255426281855,1.0823076721537905,0.9201659645818594,-0.0
20.400282,-0.16164583350250367,1.2108570681297022,0.752556051744973,-0.0
20.425286,-0.12517928839754877,1.2903915719660393,0.5710977983078398,-0.0
20.45029,-0.08347210930616962,1.2957553020827186,0.3853233800945719,-0.0
20.475296,-0.05267401454249396,1.3091719945145393,0.19997480436237325,-0.0
20.500304,-0.032106620714459896,1.4094083303416696,0.006379359899504333,-0.0
20.525304,0.01077617061835457,1.4473237323607695,-0.19829148505395322,-0.0
20.550311,0.05805402158203872,1.3963219086332388,-0.40227181240812104,-0.0
20.575315,0.1008952467420262,1.2796451174161474,-0.5935379992093082,-0.0
20.600319,0.13077628767740657,1.1724512875337652,-0.7682329005242092,-0.0
20.625326,0.16949879991352615,0.988409315466416,-0.9215079877765664,-0.0
20.65033,0.19498629009031873,0.7924297708488084,-1.0466518786657582,-0.0
20.675334,0.2185594533766747,0.562574761391059,-1.1404286909798418,-0.0
20.70034,0.2346281505886336,0.3126148581108217,-1.1987986173362664,-0.0
20.725344,0.2348946002507953,0.11493037956816177,-1.2247572239795625,-0.0
20.750348,0.23816377064070454,-0.08924933552074721,-1.2222923405536115,-0.0
20.775355,0.23763361771749836,-0.3089640931651392,-1.1896182531746766,-0.0
20.800361,0.22304190542642244,-0.479133497149737,-1.1294940963774442,-0.0
20.825366,0.20833327351571784,-0.6299176626397631,-1.0474670651450895,-0.0
20.850366,0.19250939686265492,-0.7804520551820139,-0.9448765427159421,-0.0
20.87537,0.1716465926474205,-0.9204033917503867,-0.8222405527710763,-0.0
20.900377,0.15418338856871036,-1.1006682096141824,-0.676614691293282,-0.0
20.925381,0.12352003993479456,-1.2551517728516048,-0.5062306647572683,-0.0
20.950385,0.0796273273996876,-1.3126109409846374,-0.3206577793384908,-0.0
20.975392,0.042417157104696755,-1.3330755052316503,-0.13031603483957577,-0.0
21.000396,-0.0005355258532514021,-1.2767737831784132,0.056103102852066655,-0.0
21.0254,-0.025617103037215674,-1.2667666704523441,0.2368459141465893,-0.0
21.050406,-0.06268876523168265,-1.2110358070689262,0.4127238048800783,-0.0
21.075414,-0.09726648421972173,-1.1175479140522586,0.5775267728037807,-0.0
21.100418,-0.12770467972057611,-0.9997144163473555,0.7267919381390913,-0.0
21.125422,-0.15533155074250307,-0.8565814333489481,0.8570384677444474,-0.0
21.150428,-0.1763278740161746,-0.7112138482113902,0.9665549491055518,-0.0
21.175432,-0.199309779386853,-0.5217729237469618,1.0519838640880166,-0.0
21.200437,-0.2142814529155939,-0.31322472611491303,1.1084693659721148,-0.0
21.225443,-0.21730891845499048,-0.13663114410784616,1.1373765767697175,-0.0
21.250447,-0.21893673965479293,0.029962037424692778,1.1423769953938123,-0.0
21.275451,-0.21845952458388196,0.20138555540155983,1.1239717072607858,-0.0
21.300458,-0.21375717693269908,0.37744259493339016,1.08134471256414,-0.0
21.325462,-0.21586632392529162,0.6414445652348056,1.0066594802470812,-0.0
21.350466,-0.19221475190690315,0.8487757862981925,0.8970675603151642,-0.0
21.375472,-0.16260693865241896,0.9924878900504406,0.7622028199462714,-0.0
21.400476,-0.1330429391612184,1.0988713333465796,0.6099631948427606,-0.0
21.42548,-0.101225498989508,1.170166226943376,0.44578198449777195,-0.0
21.450484,-0.0709698224801248,1.230744767804684,0.2728153321979345,-0.0
21.475488,-0.030527113020564666,1.2149756412069541,0.09761215031766479,-0.0
21.500491,-0.006623395508464434,1.2433975262923678,-0.07787404076277227,-0.0
21.525498,0.02943526780905656,1.2298153846945163,-0.25455496068921635,-0.0
21.550502,0.07525927355501245,1.0980533775365404,-0.4198238196078794,-0.0
21.575509,0.10454408695598869,0.9472971945252268,-0.5629687373315782,-0.0
21.600509,0.11790991803822994,0.8688470112372289,-0.6890709485645372,-0.0
21.625516,0.14709155558877413,0.7296076904814716,-0.7996496894260288,-0.0
21.65052,0.166912792903488,0.5737916411686935,-0.8887546524876857,-0.0
21.675524,0.18237886995870686,0.4051928615343615,-0.9543563365255818,-0.0
21.700531,0.19333712044455212,0.22646177243828292,-0.9948683321049054,-0.0
21.725538,0.19986783400402913,0.03784816165380489,-1.0088446514293172,-0.0
21.750542,0.19748164423055128,-0.12850336425264625,-0.9974295749431805,-0.0
21.775547,0.19302436614982113,-0.2875572446216615,-0.9630900449088764,-0.0
21.800553,0.17396630170633592,-0.35901151809244986,-0.9136335263592114,-0.0
21.82556,0.1711023433332379,-0.4771241817661481,-0.8522951020780666,-0.0
21.850564,0.16272165362710864,-0.6222235680264896,-0.7727114028407855,-0.0
21.875569,0.14580865920396,-0.7568881831651437,-0.6732108663492367,-0.0
21.900575,0.1275077638492938,-0.8952004756657783,-0.5539861158407129,-0.0
21.925582,0.0967748203664812,-0.9691105357230126,-0.4196414926804155,-0.0
21.950586,0.07945795026268537,-1.0923166784773692,-0.27090743351548285,-0.0
21.97559,0.03966871992543623,-1.1187542918310822,-0.11114831504719591,-0.0
22.000594,0.011797632373364257,-1.1420489868413355,0.05195745399720142,-0.0
22.025601,-0.025048562013141595,-1.0988304805483229,0.21328090493478324,-0.0
22.050605,-0.05977350954981555,-0.9965720619755518,0.36304145012864897,-0.0
22.075611,-0.08568894606085439,-0.8820910967896145,0.49595184180507434,-0.0
22.100616,-0.10730592782982167,-0.7662782692607331,0.6114714106977579,-0.0
22.12562,-0.12608246849465993,-0.6489014982410723,0.709875855397859,-0.0
22.150627,-0.1434043858023949,-0.5190825380416619,0.7904438634631357,-0.0
22.175633,-0.15075844595498353,-0.4274784467211752,0.855694024124762,-0.0
22.200638,-0.16794326306693486,-0.2834873067145308,0.9047495054841259,-0.0
22.225642,-0.18039620273258314,-0.09590245044406054,0.9298552299404892,-0.0
22.250648,-0.1826729143479263,0.09359109588070669,0.9273762325170646,-0.0
22.275655,-0.17893619287454932,0.27470981431067226,0.8978980608603875,-0.0
22.30066,-0.17529526357062858,0.4813411705264296,0.8399270623912531,-0.0
22.325664,-0.14674953856356784,0.5646704808940538,0.7614248050373349,-0.0
22.35067,-0.1369340780608476,0.6799841290062467,0.669711927146424,-0.0
22.375677,-0.11709314126074279,0.7731898278063942,0.5636118370174221,-0.0
22.400682,-0.09717995081567565,0.8605904527893978,0.44503747460709175,-0.0
22.425686,-0.07339029754387838,0.9289086306902054,0.3155939440564399,-0.0
22.450688,-0.04482738515617832,0.9545872978890534,0.17990520587959846,-0.0
22.475693,-0.018149153387773287,0.9560865517991805,0.042984069296048144,-0.0
22.500697,0.010617993190755388,0.9176800136172352,-0.09039986628875596,-0.0
22.525701,0.029809207823651655,0.9037227804965295,-0.2195218075795622,-0.0
22.550707,0.055175353132580485,0.8651258761494327,-0.34491203557085015,-0.0
22.575711,0.07295933995117988,0.851289310899368,-0.4671101022846269,-0.0
22.600715,0.10705766359633397,0.7371430173507287,-0.5803396613965974,-0.0
22.625717,0.12795295189510145,0.6002278118356776,-0.6748410247337,-0.0
22.650722,0.14366537491139586,0.45399901577044066,-0.7483746690578676,-0.0
22.675725,0.1545259370001838,0.3077922267023703,-0.8005164199284411,-0.0
22.700725,0.16346139695537937,0.14907222623885363,-0.8304875239109699,-0.0
22.72573,0.166493012350523,-0.007147880127827966,-0.8376249456163969,-0.0
22.750736,0.16528621525812506,-0.1577990667085547,-0.8226778258645557,-0.0
22.775743,0.15954075832380601,-0.2964863319082043,-0.7870899803088188,-0.0
22.800748,0.1483132537313332,-0.4074917888623468,-0.7340578073297888,-0.0
22.825752,0.13661765410537274,-0.5075321512560882,-0.6666152925220261,-0.0
22.850758,0.12525151938677223,-0.6172906807765979,-0.5846156317143164,-0.0
22.875762,0.1075448607367746,-0.7092421200294086,-0.48842152840689157,-0.0
22.900767,0.08848569328940954,-0.7898871818248425,-0.38008670772123976,-0.0
22.925773,0.0672499272324092,-0.8574560499094326,-0.26121613568397883,-0.0
22.950777,0.05094238397203875,-0.9609954006807251,-0.12943057682007897,-0.0
22.975781,0.009327490610358464,-0.9295868803312541,0.007549016921578389,-0.0
23.000785,-0.014700738985950607,-0.8887084607371794,0.13825527922647174,-0.0
23.025793,-0.03892032635297801,-0.8291228170012007,0.2608986449439459,-0.0
23.050798,-0.06237070835849353,-0.7453526779835598,0.3724343514284465,-0.0
23.075802,-0.08150731243292063,-0.6540604506207477,0.47070920484443746,-0.0
23.100802,-0.09843812024147235,-0.5547859319996287,0.55486856697023,-0.0
23.125804,-0.1127167023240948,-0.4489745814259535,0.6240828922279227,-0.0
23.150813,-0.12302836353241788,-0.34675699007315003,0.678426181901644,-0.0
23.175816,-0.13276067921614326,-0.23358027374210416,0.7175421355112741,-0.0
23.200823,-0.1415542385105046,-0.09557778382123588,0.7386451713236042,-0.0
23.225826,-0.14418674372725923,0.04651357959999902,0.7394526789680691,-0.0
23.250833,-0.1389565147894076,0.15986422143764786,0.7220631478146542,-0.0
23.275837,-0.12942201881829032,0.23294306481918892,0.6921891605363416,-0.0
23.300838,-0.13703284736189514,0.4075530868702139,0.6446309559739561,-0.0
23.325846,-0.11891722259920583,0.5230200716775809,0.5756975278788439,-0.0
23.350852,-0.10260600944400097,0.6137927777239448,0.49212814911770597,-0.0
23.375853,-0.08275826734134685,0.6698008422786852,0.398557039332744,-0.0
23.400855,-0.06308094986734315,0.7023398904793338,0.2994651255152654,-0.0
23.425859,-0.046270715690527174,0.7386212071809712,0.19609434230406997,-0.0
23.450867,-0.03017783074419127,0.790465908087678,0.0864157774811447,-0.0
23.475868,-0.01145977639195694,0.8474921648075606,-0.03174136428555685,-0.0
23.500871,0.020245475002214103,0.8225526264069708,-0.15245680885560198,-0.0
23.525875,0.04732989625201187,0.7452636634205987,-0.2650422987011476,-0.0
23.550882,0.06991976884246101,0.6347792290187086,-0.36285937815950886,-0.0
23.575889,0.08714528405201799,0.5107571589915643,-0.44245403971366004,-0.0
23.600889,0.09000711346680172,0.45789785047106046,-0.5089941672913108,-0.0
23.625897,0.1047225271092505,0.3776337129025094,-0.566427770997297,-0.0
23.650904,0.11569358537659079,0.28309244218829455,-0.6115416699911214,-0.0
23.67591,0.12457713594281666,0.1724197520857303,-0.6420169104842965,-0.0
23.700918,0.1293512302302848,0.05598722020030489,-0.6561877380541855,-0.0
23.725922,0.12994798740376948,-0.056323553343656074,-0.6540106243160284,-0.0
23.750926,0.12730599338068235,-0.16085442385373533,-0.6365016435327147,-0.0
23.775929,0.12302961460898253,-0.26450450672905157,-0.6043410664689725,-0.0
23.800933,0.1179719082907071,-0.38038424443333946,-0.5564804700842398,-0.0
23.825936,0.1061281051285171,-0.47882632673510894,-0.4931870742723419,-0.0
23.850941,0.08680044980617421,-0.5216394074715573,-0.42031432014632575,-0.0
23.875944,0.07790408247897493,-0.5946108775057743,-0.33970000761473873,-0.0
23.900951,0.06658478638521749,-0.6928626397063902,-0.2464081053293834,-0.0
23.925951,0.045826027558147436,-0.7635094071189336,-0.14027039949231557,-0.0
23.950959,0.01432334908995109,-0.7386861522567454,-0.031121169115248204,-0.0
23.975962,-0.0046199714277139915,-0.7075446856173868,0.07301097378263277,-0.0
24.00097,-0.024841272315699672,-0.6545575615948123,0.17022438126450323,-0.0
24.025973,-0.04250999626473408,-0.5888799927613052,0.2580619197925067,-0.0
24.050981,-0.05698985411485022,-0.5221432070460214,0.3357635654155211,-0.0
24.075984,-0.06906501573944335,-0.45994557526899527,0.40396351132767294,-0.0
24.100997,-0.08377829138106889,-0.37094674818703943,0.4611114085395678,-0.0
24.126003,-0.08870606405739359,-0.3119655863518068,0.5077358931589443,-0.0
24.151005,-0.10168129192582687,-0.21179787939447564,0.5431227611188577,-0.0
24.17601,-0.11181064500057476,-0.0732153889784618,0.5608137603281989,-0.0
24.201018,-0.10825105982059258,0.026733293442244732,0.5609375568249458,-0.0
24.226026,-0.10255848037694515,0.0903377081922436,0.5497750817330377,-0.0
24.251028,-0.10307654321662743,0.17574690937295698,0.5285141581332576,-0.0
24.276036,-0.10173194366845462,0.2846907052857137,0.49331165173235636,-0.0
24.301045,-0.08963862890803144,0.3565774633149951,0.44517618629040795,-0.0
24.326047,-0.07870546661855261,0.4131268466368806,0.388297573006974,-0.0
24.351056,-0.07080420381835176,0.4872993763148331,0.3222669841850878,-0.0
24.376058,-0.055184162040023216,0.5347492065811731,0.2475864853435905,-0.0
24.401066,-0.037556011421653684,0.5489197159891627,0.16896005551937687,-0.0
24.42607,-0.024376442732499056,0.5655231117428289,0.08863751038858592,-0.0
24.451077,-0.009181452357380373,0.5723327532264516,0.00690114543522391,-0.0
24.476084,0.008492173402749952,0.5518202370056626,-0.07349533535118935,-0.0
24.501087,0.023813026888620466,0.5176238326440363,-0.1494744273318389,-0.0
24.526091,0.03293254989972756,0.509751131008458,-0.22241405635242129,-0.0
24.551098,0.051702289476570386,0.45430661095135205,-0.29085458604264036,-0.0
24.576099,0.06519820473558645,0.38038749955293655,-0.34959007725899016,-0.0
24.601107,0.06965235730071116,0.34202463512801096,-0.4003076056348619,-0.0
24.626113,0.08107935231374723,0.27985628910678595,-0.44421343996477203,-0.0
24.651114,0.09718672535128725,0.14723078674292667,-0.47365463298735455,-0.0
24.67612,0.09608329426157768,0.04859970378537315,-0.4857473126245465,-0.0
24.701128,0.09521537732042328,-0.03586482223002732,-0.4845885381083969,-0.0
24.726135,0.09509431380193685,-0.1272418475145683,-0.47080514534297935,-0.0
24.751139,0.09260380667648614,-0.22453474413713848,-0.44329775335331967,-0.0
24.776142,0.0832289356941434,-0.2939564457042362,-0.403808807906669,-0.0
24.801143,0.06637584929504999,-0.29206592462523207,-0.3604585157364373,-0.0
24.826146,0.0712646608429765,-0.3812632231427345,-0.3114277018346642,-0.0
24.851149,0.060477836168757966,-0.46050693321696334,-0.24976764308539967,-0.0
24.876151,0.047345932011944605,-0.5265990743879607,-0.17717215435297828,-0.0
24.901158,0.026949375339618786,-0.5370245065269652,-0.09909282714195067,-0.0
24.926161,0.006170128830116401,-0.490547487265233,-0.02459048817603504,-0.0
24.951165,-0.003008710994539367,-0.4653237950179512,0.04368358957773766,-0.0
24.976168,-0.012086159317677222,-0.457386326984545,0.10923586376467753,-0.0
25.001172,-0.026603539043900233,-0.4243921600078479,0.17169766181625135,-0.0
25.026173,-0.03883778749497391,-0.37720621249115127,0.22806685918105662,-0.0
25.05118,-0.04729122185528441,-0.3353502429111527,0.27785270466703493,-0.0
25.076187,-0.05631540445643975,-0.2867574308101337,0.3211588920328228,-0.0
25.101194,-0.06497425714694628,-0.22512785159330012,0.3565324303634605,-0.0
25.126201,-0.07159399561802968,-0.15432014070525973,0.3822870438687074,-0.0
25.151205,-0.07562700947016254,-0.0806432783550794,0.3975466588771883,-0.0
25.176208,-0.07775272375907187,-0.004823276414556821,0.40197920085752825,-0.0
25.201209,-0.07834538179623422,0.07558640969063657,0.3950649565450034,-0.0
25.226212,-0.07735453889420126,0.16347410742562313,0.3757938144013585,-0.0
25.251219,-0.07012686331083348,0.22819826038469332,0.34541752385829455,-0.0
25.276227,-0.057646691043546895,0.24216286198153236,0.30998880894297487,-0.0
25.301235,-0.055032168541621684,0.28171497391838646,0.2714669895666387,-0.0
25.326238,-0.047455804508954126,0.316904856508285,0.22793065957506287,-0.0
25.351242,-0.03879186128662981,0.3459431960108724,0.18008464403097746,-0.0
25.376248,-0.032260395899217226,0.39003017016140085,0.12699791182589426,-0.0
25.401255,-0.02198504113596845,0.4291057829127017,0.06762461291060895,-0.0
25.426257,-0.00822729327316858,0.44409074116734476,0.004154275381313299,-0.0
25.451263,0.009032386026559381,0.41129365754994385,-0.05768340769295954,-0.0
25.476269,0.021205156810489026,0.3625952331624004,-0.11284584292404198,-0.0
25.501275,0.02922592622826158,0.3200333928636193,-0.16076327571687932,-0.0
25.526278,0.03625802989236279,0.28311759455470265,-0.20263136898554057,-0.0
25.551282,0.042541841443979156,0.2505971884198355,-0.23947312789472475,-0.0
25.576289,0.04876401912476706,0.21688433547021901,-0.2717190336393739,-0.0
25.601293,0.05715627432633641,0.1594416122286315,-0.2974373917494314,-0.0
25.626297,0.06096983218093762,0.10193283800572489,-0.3147671675719981,-0.0
25.651301,0.0638305246342492,0.04090057497050781,-0.3234989989591611,-0.0
25.676307,0.06536645772809956,-0.024959735585961595,-0.32299162427912664,-0.0
25.701312,0.06502495153577943,-0.09367679059113708,-0.31262219610746544,-0.0
25.726318,0.06307010073394836,-0.165754907216465,-0.2918502921430428,-0.0
25.751322,0.053132794683656,-0.19455448365069644,-0.263935288656453,-0.0
25.776327,0.04885884563153334,-0.22767016986943145,-0.23202052647542704,-0.0
25.801333,0.040987068937678596,-0.2441629171310562,-0.1970063944511693,-0.0
25.826337,0.03562376586956577,-0.26576212006883654,-0.1597126951768717,-0.0
25.851341,0.028270200233782378,-0.2814511892835791,-0.12005592187150083,-0.0
25.876347,0.022504602546253562,-0.3059175373568561,-0.07763721773720522,-0.0
25.901352,0.012509262417341752,-0.311872859541948,-0.03309641445456046,-0.0
25.926361,0.005569037593799522,-0.3231726256863556,0.012650944864246005,-0.0
25.951366,-0.0024426368502255026,-0.33376514584077993,0.0601788683700315,-0.0
25.976366,-0.01658697492094392,-0.29951484731652395,0.10588818843384917,-0.0
26.001371,-0.02604391533356672,-0.24907843003700875,0.14489064094634485,-0.0
26.026378,-0.0300555851326742,-0.2138998173141409,0.1772851594464392,-0.0
26.051385,-0.036289398840577074,-0.17082682519718517,0.20383347872174828,-0.0
26.076388,-0.0397147617919182,-0.1329272210872918,0.22443163414253325,-0.0
26.101396,-0.04383851676897655,-0.08797076095523632,0.2390208647032548,-0.0
26.126403,-0.046919040419476775,-0.03547456078185182,0.24645883153955098,-0.0
26.151407,-0.048558131600257994,0.02342630147853053,0.24563012854298888,-0.0
26.176413,-0.04654090189833008,0.07214854893931369,0.23686278542327524,-0.0
26.201417,-0.045614559921285894,0.1277722046830563,0.22040975033769541,-0.0
26.226422,-0.04124044992962206,0.17464140142719478,0.19637286770814003,-0.0
26.251425,-0.03192679501907772,0.18426526012978564,0.1684985750685064,-0.0
26.276432,-0.023444975869541477,0.16451917387418605,0.14222632196338691,-0.0
26.301437,-0.02431324795856906,0.18176179540466775,0.11680899900785047,-0.0
26.32644,-0.019270787192186566,0.19488361908705365,0.08940196254531035,-0.0
26.351444,-0.015026942899590579,0.21221328344465515,0.059888064849463296,-0.0
26.376451,-0.008040273811947064,0.21631694631239587,0.028899879612546586,-0.0
26.401455,-0.004543380266230326,0.23400895785712902,-0.003718640339099688,-0.0
26.426462,0.004374326882278834,0.22785688804754867,-0.037245770883135965,-0.0
26.451469,0.014061974097440035,0.1908371242920605,-0.06726295231463197,-0.0
26.476473,0.014755291945917083,0.1834464963828415,-0.09379924419632646,-0.0
26.50148,0.021623846631772237,0.15804370018939282,-0.11793971760835348,-0.0
26.526484,0.02634751316538746,0.1259512419852873,-0.1377327361170847,-0.0
26.551488,0.031437871864852876,0.07847409569009775,-0.1514314399797989,-0.0
26.576494,0.030821941060271228,0.049610456396702515,-0.15937439036378148,-0.0
26.601498,0.033252117002169665,0.01125100323775019,-0.16236589620924985,-0.0
26.626503,0.031974625522466237,-0.015881703051197543,-0.16057285128912532,-0.0
26.651506,0.031152355428441445,-0.04015612004964884,-0.15517069327583452,-0.0
26.67651,0.029907903462540422,-0.06285044807523071,-0.1465140628367369,-0.0
26.701516,0.02802026711391261,-0.08329190003116743,-0.13489290485780117,-0.0
26.72652,0.02666586344904214,-0.10920321531541186,-0.11999713457153116,-0.0
26.751524,0.021485909674463174,-0.11664756663436546,-0.10285392996344933,-0.0
26.776531,0.020356477637855145,-0.13728058609297897,-0.08383619004475595,-0.0
26.801535,0.01685427306429947,-0.15709079086189048,-0.06183890548850443,-0.0
26.826539,0.011546452487545773,-0.16612880108644165,-0.03774233107045488,-0.0
26.851546,0.006257646710665027,-0.1661206163140446,-0.013100964781460667,-0.0
26.876553,-0.00011450155377107964,-0.14887398906231836,0.00999771356969259,-0.0
26.901557,-0.0046058385839819575,-0.12524051150375604,0.02968560745850335,-0.0
26.926564,-0.005886275678583862,-0.11489933092251181,0.04662679020103527,-0.0
26.951568,-0.009285548934546353,-0.10006282105472332,0.0616300428177281,-0.0
26.976576,-0.013218237979318537,-0.07396842983674393,0.07344996146310889,-0.0
27.001579,-0.015303235802964263,-0.04563021782098137,0.081017984124935,-0.0
27.026586,-0.014751713172980666,-0.02959089220776491,0.08521179152872,-0.0
27.051594,-0.01527962201630836,-0.01483155217102465,0.08718664676454269,-0.0
27.076601,-0.016386433430152687,0.005699327811248392,0.08658134519634333,-0.0
27.101605,-0.015094030785825522,0.01779840199545266,0.08362027221196022,-0.0
27.126613,-0.015498698490904864,0.03638460069381544,0.07845795321847301,-0.0
27.151616,-0.01365172461312512,0.04799529149119684,0.07111815836980821,-0.0
27.176623,-0.012881098818758915,0.06279996234615551,0.061889787676756944,-0.0
27.201627,-0.01039776787064108,0.0706654606428198,0.051050256018685625,-0.0
27.226634,-0.007685279418795342,0.07128143472883419,0.039739389606468806,-0.0
27.251638,-0.00614470423700734,0.07350828413294151,0.028380669007568998,-0.0
27.276645,-0.005219166679234361,0.0823448094797353,0.016242357018477704,-0.0
27.301649,-0.0017467108480779046,0.08030898403089196,0.003630547081142965,-0.0
27.326652,0.001454138881110677,0.06901393143473775,-0.00782977689468195,-0.0
27.351657,0.0014309850291874325,0.07051007651423731,-0.018482824195015707,-0.0
27.37666,0.0043619703415428025,0.06293203294611219,-0.028684138222533573,-0.0
27.401664,0.006962388282672446,0.047325847541243346,-0.03705289344286267,-0.0
27.426667,0.008735471163428606,0.02699633774924519,-0.042565834151138376,-0.0
27.451671,0.009415150745967792,0.0063902978033758134,-0.04483547323250814,-0.0
27.476674,0.007689173613955545,-0.00024487002855706416,-0.04501841096053546,-0.0
27.501678,0.008086648107587299,-0.010014756806592546,-0.04402214043593923,-0.0
27.526685,0.007986094772179408,-0.02098426763545125,-0.041484023156918945,-0.0
27.551685,0.006238503813125838,-0.02281862523316985,-0.03805754443676282,-0.0
27.576692,0.006268956889645681,-0.029157232374644123,-0.034115937907164245,-0.0
27.601697,0.006038776861010036,-0.039211450884673316,-0.02895935807087658,-0.0
27.6267,0.004219797725142396,-0.04291365236639673,-0.022788425584560346,-0.0
27.651703,0.002137666524518701,-0.03894498811963733,-0.01674734240796172,-0.0
27.676707,0.002824491049662351,-0.047304332804047985,-0.01042287401141407,-0.0
27.701715,0.00173655638563173,-0.05623350931216581,-0.0027152147847054886,-0.0
27.726721,-0.0013103878722199643,-0.052669399528542445,0.005411891984291345,-0.0
27.751726,-0.004073468346004347,-0.038042677430343105,0.0120297508654576,-0.0
27.776733,-0.005029817150908572,-0.023177988505651517,0.016227972119194328,-0.0
27.801737,-0.005200735123462421,-0.01122934546271423,0.018252077698254474,-0.0
27.826744,-0.005848526820026864,0.00356504368327,0.018120867205500865,-0.0
27.851748,-0.00458233883388387,0.009576195762046012,0.016332728751608676,-0.0
27.876755,-0.004260643860486977,0.014962889331598138,0.013667103687633624,-0.0
27.901759,-0.003624682591277661,0.018350208170098026,0.010333228242963337,-0.0
27.926767,-0.004027553938583841,0.028133783897799292,0.005952466276775554,-0.0
27.95177,-0.002702206782265639,0.033156401297810355,0.000372586777918453,-0.0
27.976777,-0.0014821765685023257,0.03510482863763875,-0.005774653829556359,-0.0
28.001785,0.0008047015827729,0.02631949397871699,-0.011363783506533665,-0.0
28.026789,0.0012763746022373603,0.01876094549323923,-0.015627517203261942,-0.0
28.051797,0.0003291269288555412,0.021671620253356706,-0.019560349365784074,-0.0
28.076804,0.0002749388915566624,0.028902253809217043,-0.024410915363568264,-0.0
28.101808,0.0013070085418733013,0.0336311302948504,-0.030348901154473387,-0.0
28.126819,0.004267396753817424,0.022250212627608804,-0.035846857911480595,-0.0
28.151823,0.0028565718400313583,0.025388162902340236,-0.0407960918554713,-0.0
28.176826,0.003853777360620841,0.025586884061557853,-0.04618264304089592,-0.0
28.20183,0.006270387107074372,0.012221863836520436,-0.05065371467188293,-0.0
28.226834,0.00628118542147662,0.0008341806617718911,-0.053264946714789735,-0.0
28.251838,0.005915394288560901,-0.007845583454491996,-0.05442124264847123,-0.0
28.276841,0.005861480641980404,-0.01774646817009811,-0.054254255184359,-0.0
28.301845,0.006049079148674265,-0.032498975481350244,-0.05226032927755338,-0.0
28.326848,0.0035498142376845358,-0.034677493016734465,-0.04907805644358529,-0.0
28.351855,0.0010980105973579719,-0.02500851317723031,-0.04673038955413092,-0.0
28.37686,0.0024017757622708524,-0.029844318966878034,-0.04498453565198865,-0.0
28.401868,0.0005467028737626267,-0.026426364026932738,-0.043311418478555685,-0.0
28.426874,-0.002042208962963434,-0.008612568394793824,-0.043590091342736975,-0.0
28.451877,-0.0009758733719081275,-0.0005123269470479475,-0.046207574861835916,-0.0
28.476881,0.0009008173453872936,-0.0067469646181413205,-0.04916723902079552,-0.0
28.501889,0.00011635620449780809,-0.008554448915535905,-0.05165561191414702,-0.0
28.526896,0.0009049928279254056,-0.01805736667939438,-0.05341185895903555,-0.0
28.551899,-0.001088255695472214,-0.016171114172898286,-0.054752410256247344,-0.0
28.576904,-0.0016061888253399764,-0.01359249837845369,-0.05668980938136176,-0.0
28.601911,-0.002163820324955606,-0.009560604516344658,-0.059409556244654195,-0.0
28.626914,-0.0014816698074766894,-0.012638359018460457,-0.062450300438934805,-0.0
28.651915,-0.00281481652486345,-0.008312861883097942,-0.06584847653809445,-0.0
28.676918,-0.0034449539505809843,-0.0010600142291870701,-0.0704777708605474,-0.0
28.701921,-0.0027997545463895345,0.00087819928013581,-0.07615608103020924,-0.0
28.726925,-0.0014659656253616868,-0.007335658481032223,-0.08161684754877163,-0.0
28.751929,-0.001185690713278288,-0.019350990591854446,-0.08572125053673178,-0.0
28.776932,-0.0019001204271250846,-0.029938137920251393,-0.08829155211301676,-0.0
28.801937,-0.0023068167776645874,-0.04335355179145413,-0.08922504566320899,-0.0
28.82694,-0.004913403168427697,-0.04558264107075749,-0.0892250456632091,-0.0
